perturbation,mean_average_precision,indices,mean_normalized_average_precision,p_value,corrected_p_value,below_p,below_corrected_p,-log10(p-value)
AACS,1.0,"[634, 1294, 1458, 2099]",1.0,9.99990000099999e-06,1.0040019960883641e-05,True,True,4.998265423755441
AARS,1.0,"[1522, 2785, 3448, 4132]",1.0,9.99990000099999e-06,1.0040019960883641e-05,True,True,4.998265423755441
AATF,1.0,"[24, 787, 2164, 2219]",1.0,9.99990000099999e-06,1.0040019960883641e-05,True,True,4.998265423755441
ABCE1,1.0,"[911, 1276, 1512, 4162]",1.0,9.99990000099999e-06,1.0040019960883641e-05,True,True,4.998265423755441
ABHD10,1.0,"[3276, 3305, 3480, 3761]",1.0,9.99990000099999e-06,1.0040019960883641e-05,True,True,4.998265423755441
ABHD16A,1.0,"[1023, 1590, 1954, 2352]",1.0,9.99990000099999e-06,1.0040019960883641e-05,True,True,4.998265423755441
ACSL4,1.0,"[210, 421, 2532, 3175]",1.0,9.99990000099999e-06,1.0040019960883641e-05,True,True,4.998265423755441
ACSS2,1.0,"[1388, 1428, 2542, 2729]",1.0,9.99990000099999e-06,1.0040019960883641e-05,True,True,4.998265423755441
ACTR3,1.0,"[406, 1134, 1601, 3985]",1.0,9.99990000099999e-06,1.0040019960883641e-05,True,True,4.998265423755441
ADAMTS4,1.0,"[724, 818, 1436, 1552]",1.0,9.99990000099999e-06,1.0040019960883641e-05,True,True,4.998265423755441
ADAMTS18,1.0,"[793, 1647, 3113, 3401]",1.0,9.99990000099999e-06,1.0040019960883641e-05,True,True,4.998265423755441
ADAT3,1.0,"[40, 1794, 2513, 2715]",1.0,9.99990000099999e-06,1.0040019960883641e-05,True,True,4.998265423755441
ADRA2C,1.0,"[303, 1107, 1922, 3911]",1.0,9.99990000099999e-06,1.0040019960883641e-05,True,True,4.998265423755441
ADRB2,0.8861111111111111,"[998, 1348, 1646, 2884]",0.8858146474945225,9.99990000099999e-06,1.0040019960883641e-05,True,True,4.998265423755441
ADRM1,1.0,"[1317, 1540, 1833, 2717]",1.0,9.99990000099999e-06,1.0040019960883641e-05,True,True,4.998265423755441
ADSS,1.0,"[282, 1386, 3202, 4196]",1.0,9.99990000099999e-06,1.0040019960883641e-05,True,True,4.998265423755441
AGAP4,1.0,"[1316, 2534, 2997, 3148]",1.0,9.99990000099999e-06,1.0040019960883641e-05,True,True,4.998265423755441
AGAP9,1.0,"[1479, 2975, 3250, 3251]",1.0,9.99990000099999e-06,1.0040019960883641e-05,True,True,4.998265423755441
AHCYL1,1.0,"[500, 2443, 3660, 3697]",1.0,9.99990000099999e-06,1.0040019960883641e-05,True,True,4.998265423755441
AKR1C3,1.0,"[242, 572, 2809, 2938]",1.0,9.99990000099999e-06,1.0040019960883641e-05,True,True,4.998265423755441
ALAS1,1.0,"[331, 3345, 3557, 3896]",1.0,9.99990000099999e-06,1.0040019960883641e-05,True,True,4.998265423755441
ALG12,1.0,"[417, 433, 1339, 2599]",1.0,9.99990000099999e-06,1.0040019960883641e-05,True,True,4.998265423755441
ALKBH8,1.0,"[37, 984, 2228, 3455]",1.0,9.99990000099999e-06,1.0040019960883641e-05,True,True,4.998265423755441
ALYREF,1.0,"[2591, 2610, 2703, 4167]",1.0,9.99990000099999e-06,1.0040019960883641e-05,True,True,4.998265423755441
AMIGO3,1.0,"[431, 1799, 1978, 2663]",1.0,9.99990000099999e-06,1.0040019960883641e-05,True,True,4.998265423755441
AMMECR1,1.0,"[439, 617, 1306, 2964]",1.0,9.99990000099999e-06,1.0040019960883641e-05,True,True,4.998265423755441
ANP32B,1.0,"[517, 676, 714, 1587]",1.0,9.99990000099999e-06,1.0040019960883641e-05,True,True,4.998265423755441
AP1M1,1.0,"[197, 1664, 2058, 3092]",1.0,9.99990000099999e-06,1.0040019960883641e-05,True,True,4.998265423755441
AP1S1,1.0,"[600, 2094, 2438, 3456]",1.0,9.99990000099999e-06,1.0040019960883641e-05,True,True,4.998265423755441
AP2A1,1.0,"[488, 796, 1854, 3895]",1.0,9.99990000099999e-06,1.0040019960883641e-05,True,True,4.998265423755441
AP2M1,1.0,"[72, 563, 2074, 2301]",1.0,9.99990000099999e-06,1.0040019960883641e-05,True,True,4.998265423755441
AP2S1,1.0,"[1007, 1209, 2845, 3705]",1.0,9.99990000099999e-06,1.0040019960883641e-05,True,True,4.998265423755441
AP3M1,1.0,"[1043, 1126, 3373, 3928]",1.0,9.99990000099999e-06,1.0040019960883641e-05,True,True,4.998265423755441
AP3M2,1.0,"[1380, 3729, 3954, 4096]",1.0,9.99990000099999e-06,1.0040019960883641e-05,True,True,4.998265423755441
AP3S1,1.0,"[2112, 2445, 3412, 3977]",1.0,9.99990000099999e-06,1.0040019960883641e-05,True,True,4.998265423755441
APC,1.0,"[784, 3007, 3421, 3623]",1.0,9.99990000099999e-06,1.0040019960883641e-05,True,True,4.998265423755441
AQP7,0.47786747104078314,"[309, 652, 2263, 3199]",0.47650831037652597,9.99990000099999e-06,1.0040019960883641e-05,True,True,4.998265423755441
ARGLU1,1.0,"[430, 1460, 1633, 1683]",1.0,9.99990000099999e-06,1.0040019960883641e-05,True,True,4.998265423755441
ARHGAP22,1.0,"[200, 754, 2255, 3728]",1.0,9.99990000099999e-06,1.0040019960883641e-05,True,True,4.998265423755441
ARHGEF9,1.0,"[1980, 2907, 3151, 3190]",1.0,9.99990000099999e-06,1.0040019960883641e-05,True,True,4.998265423755441
ARID5B,1.0,"[350, 788, 1219, 2647]",1.0,9.99990000099999e-06,1.0040019960883641e-05,True,True,4.998265423755441
ARL2,1.0,"[109, 1459, 2442, 3197]",1.0,9.99990000099999e-06,1.0040019960883641e-05,True,True,4.998265423755441
ARNT2,1.0,"[1252, 1568, 2816, 3074]",1.0,9.99990000099999e-06,1.0040019960883641e-05,True,True,4.998265423755441
ARPC2,1.0,"[207, 299, 897, 2973]",1.0,9.99990000099999e-06,1.0040019960883641e-05,True,True,4.998265423755441
ARPC3,1.0,"[1169, 2401, 3224, 4154]",1.0,9.99990000099999e-06,1.0040019960883641e-05,True,True,4.998265423755441
ARPC4,1.0,"[2569, 3168, 3376, 4082]",1.0,9.99990000099999e-06,1.0040019960883641e-05,True,True,4.998265423755441
ARPP19,1.0,"[169, 1315, 1711, 3753]",1.0,9.99990000099999e-06,1.0040019960883641e-05,True,True,4.998265423755441
ASCC3,1.0,"[1549, 2084, 3643, 3670]",1.0,9.99990000099999e-06,1.0040019960883641e-05,True,True,4.998265423755441
ASF1B,1.0,"[1001, 1202, 2374, 3822]",1.0,9.99990000099999e-06,1.0040019960883641e-05,True,True,4.998265423755441
ASNA1,1.0,"[1335, 1823, 1993, 2593]",1.0,9.99990000099999e-06,1.0040019960883641e-05,True,True,4.998265423755441
ASNS,1.0,"[106, 1963, 4077, 4138]",1.0,9.99990000099999e-06,1.0040019960883641e-05,True,True,4.998265423755441
ATAD3A,0.6330492424242424,"[1670, 2195, 2601, 3934]",0.6320940346795526,9.99990000099999e-06,1.0040019960883641e-05,True,True,4.998265423755441
ATF6,1.0,"[2215, 3718, 4136, 4189]",1.0,9.99990000099999e-06,1.0040019960883641e-05,True,True,4.998265423755441
ATG9A,1.0,"[1685, 2085, 3418, 4111]",1.0,9.99990000099999e-06,1.0040019960883641e-05,True,True,4.998265423755441
ATIC,0.9666666666666667,"[308, 909, 2474, 3673]",0.9665798968276652,9.99990000099999e-06,1.0040019960883641e-05,True,True,4.998265423755441
ATP5F1B,1.0,"[2015, 2476, 2989, 3214]",1.0,9.99990000099999e-06,1.0040019960883641e-05,True,True,4.998265423755441
ATP5ME,1.0,"[82, 1792, 1876, 3050]",1.0,9.99990000099999e-06,1.0040019960883641e-05,True,True,4.998265423755441
ATP6V0A1,1.0,"[52, 1166, 3081, 3585]",1.0,9.99990000099999e-06,1.0040019960883641e-05,True,True,4.998265423755441
ATP6V0A2,1.0,"[1282, 1795, 2135, 3981]",1.0,9.99990000099999e-06,1.0040019960883641e-05,True,True,4.998265423755441
ATP6V1B2,1.0,"[1984, 3427, 3811, 3879]",1.0,9.99990000099999e-06,1.0040019960883641e-05,True,True,4.998265423755441
ATP6V1H,0.9047619047619049,"[1198, 2796, 2807, 4187]",0.9045139909361862,9.99990000099999e-06,1.0040019960883641e-05,True,True,4.998265423755441
ATRX,1.0,"[188, 266, 1063, 2077]",1.0,9.99990000099999e-06,1.0040019960883641e-05,True,True,4.998265423755441
ATXN7L3,1.0,"[1322, 1462, 1959, 2714]",1.0,9.99990000099999e-06,1.0040019960883641e-05,True,True,4.998265423755441
ATXN10,1.0,"[444, 516, 2012, 3621]",1.0,9.99990000099999e-06,1.0040019960883641e-05,True,True,4.998265423755441
AURKB,0.36467328053618053,"[1444, 2933, 3651, 3694]",0.3630194646213436,9.99990000099999e-06,1.0040019960883641e-05,True,True,4.998265423755441
B3GAT3,1.0,"[1554, 1791, 1806, 4061]",1.0,9.99990000099999e-06,1.0040019960883641e-05,True,True,4.998265423755441
B3GNT2,1.0,"[1237, 1265, 2316, 3008]",1.0,9.99990000099999e-06,1.0040019960883641e-05,True,True,4.998265423755441
B4GALT3,1.0,"[839, 1974, 3002, 3817]",1.0,9.99990000099999e-06,1.0040019960883641e-05,True,True,4.998265423755441
B4GALT5,1.0,"[1091, 2101, 3321, 4072]",1.0,9.99990000099999e-06,1.0040019960883641e-05,True,True,4.998265423755441
BEND3,0.8149021663172606,"[849, 868, 2182, 3658]",0.8144203390404153,9.99990000099999e-06,1.0040019960883641e-05,True,True,4.998265423755441
BEND6,1.0,"[372, 2598, 3686, 3724]",1.0,9.99990000099999e-06,1.0040019960883641e-05,True,True,4.998265423755441
BET1,1.0,"[495, 2362, 4045, 4151]",1.0,9.99990000099999e-06,1.0040019960883641e-05,True,True,4.998265423755441
BLOC1S2,1.0,"[974, 1509, 1856, 2330]",1.0,9.99990000099999e-06,1.0040019960883641e-05,True,True,4.998265423755441
BLOC1S6,1.0,"[458, 1803, 2527, 3252]",1.0,9.99990000099999e-06,1.0040019960883641e-05,True,True,4.998265423755441
BMS1,1.0,"[55, 248, 934, 3223]",1.0,9.99990000099999e-06,1.0040019960883641e-05,True,True,4.998265423755441
BORCS7,1.0,"[827, 1883, 2170, 3009]",1.0,9.99990000099999e-06,1.0040019960883641e-05,True,True,4.998265423755441
BORCS8,1.0,"[710, 1327, 1571, 1741]",1.0,9.99990000099999e-06,1.0040019960883641e-05,True,True,4.998265423755441
BRCA1,1.0,"[174, 569, 2874, 3889]",1.0,9.99990000099999e-06,1.0040019960883641e-05,True,True,4.998265423755441
BRD8,1.0,"[776, 2392, 3238, 3866]",1.0,9.99990000099999e-06,1.0040019960883641e-05,True,True,4.998265423755441
BRD9,1.0,"[624, 649, 2106, 3343]",1.0,9.99990000099999e-06,1.0040019960883641e-05,True,True,4.998265423755441
BRK1,1.0,"[2245, 2496, 2980, 3751]",1.0,9.99990000099999e-06,1.0040019960883641e-05,True,True,4.998265423755441
BTAF1,1.0,"[1293, 2149, 2157, 2946]",1.0,9.99990000099999e-06,1.0040019960883641e-05,True,True,4.998265423755441
BTBD9,1.0,"[1088, 1361, 3537, 3853]",1.0,9.99990000099999e-06,1.0040019960883641e-05,True,True,4.998265423755441
BTF3L4,0.7381944444444444,"[3273, 3465, 3656, 3772]",0.7375129396672868,9.99990000099999e-06,1.0040019960883641e-05,True,True,4.998265423755441
BUB1B,1.0,"[14, 761, 874, 2501]",1.0,9.99990000099999e-06,1.0040019960883641e-05,True,True,4.998265423755441
BUD31,1.0,"[225, 636, 2669, 2799]",1.0,9.99990000099999e-06,1.0040019960883641e-05,True,True,4.998265423755441
C1D,1.0,"[93, 1199, 3057, 3324]",1.0,9.99990000099999e-06,1.0040019960883641e-05,True,True,4.998265423755441
C1QBP,1.0,"[185, 1141, 2637, 3212]",1.0,9.99990000099999e-06,1.0040019960883641e-05,True,True,4.998265423755441
C2orf27B,0.489014412856968,"[619, 1743, 2315, 2828]",0.4876842687431133,9.99990000099999e-06,1.0040019960883641e-05,True,True,4.998265423755441
C5orf22,1.0,"[366, 584, 2375, 3029]",1.0,9.99990000099999e-06,1.0040019960883641e-05,True,True,4.998265423755441
C5orf30,1.0,"[747, 802, 3679, 4014]",1.0,9.99990000099999e-06,1.0040019960883641e-05,True,True,4.998265423755441
C12orf45,1.0,"[2051, 2155, 3422, 3479]",1.0,9.99990000099999e-06,1.0040019960883641e-05,True,True,4.998265423755441
CA5A,1.0,"[612, 870, 1861, 2745]",1.0,9.99990000099999e-06,1.0040019960883641e-05,True,True,4.998265423755441
CA7,0.7323784722222222,"[933, 2590, 3654, 3880]",0.7316818279158637,9.99990000099999e-06,1.0040019960883641e-05,True,True,4.998265423755441
CA13,1.0,"[390, 2329, 3564, 3819]",1.0,9.99990000099999e-06,1.0040019960883641e-05,True,True,4.998265423755441
CABIN1,1.0,"[2026, 3023, 3055, 3657]",1.0,9.99990000099999e-06,1.0040019960883641e-05,True,True,4.998265423755441
CACNA1D,0.9791666666666666,"[236, 506, 2281, 3814]",0.9791124355172907,9.99990000099999e-06,1.0040019960883641e-05,True,True,4.998265423755441
CACNB1,1.0,"[187, 409, 1337, 2707]",1.0,9.99990000099999e-06,1.0040019960883641e-05,True,True,4.998265423755441
CAD,0.7988808426596445,"[199, 1609, 2788, 3506]",0.7983573103525683,9.99990000099999e-06,1.0040019960883641e-05,True,True,4.998265423755441
CALM1,1.0,"[756, 1810, 1997, 2841]",1.0,9.99990000099999e-06,1.0040019960883641e-05,True,True,4.998265423755441
CALM3,1.0,"[346, 658, 1729, 3812]",1.0,9.99990000099999e-06,1.0040019960883641e-05,True,True,4.998265423755441
CAPN12,1.0,"[1318, 1537, 3602, 3852]",1.0,9.99990000099999e-06,1.0040019960883641e-05,True,True,4.998265423755441
CAPZB,1.0,"[1412, 2768, 3117, 3247]",1.0,9.99990000099999e-06,1.0040019960883641e-05,True,True,4.998265423755441
CARS,1.0,"[2713, 3712, 3749, 3846]",1.0,9.99990000099999e-06,1.0040019960883641e-05,True,True,4.998265423755441
CASP3,1.0,"[914, 1184, 2738, 3085]",1.0,9.99990000099999e-06,1.0040019960883641e-05,True,True,4.998265423755441
CBWD1,1.0,"[268, 1952, 2464, 3986]",1.0,9.99990000099999e-06,1.0040019960883641e-05,True,True,4.998265423755441
CBWD2,0.7374918540241121,"[573, 3918, 4011, 4139]",0.7368085203372248,9.99990000099999e-06,1.0040019960883641e-05,True,True,4.998265423755441
CBWD3,0.9791666666666666,"[718, 1194, 3120, 4128]",0.9791124355172907,9.99990000099999e-06,1.0040019960883641e-05,True,True,4.998265423755441
CCDC59,1.0,"[595, 1746, 3726, 4074]",1.0,9.99990000099999e-06,1.0040019960883641e-05,True,True,4.998265423755441
CCDC174,1.0,"[44, 550, 1033, 2344]",1.0,9.99990000099999e-06,1.0040019960883641e-05,True,True,4.998265423755441
CCNB1,1.0,"[976, 1447, 3071, 3725]",1.0,9.99990000099999e-06,1.0040019960883641e-05,True,True,4.998265423755441
CCNC,1.0,"[2104, 2271, 3627, 3969]",1.0,9.99990000099999e-06,1.0040019960883641e-05,True,True,4.998265423755441
CCND3,1.0,"[375, 1329, 1489, 2505]",1.0,9.99990000099999e-06,1.0040019960883641e-05,True,True,4.998265423755441
CCNF,1.0,"[548, 807, 2089, 2747]",1.0,9.99990000099999e-06,1.0040019960883641e-05,True,True,4.998265423755441
CCNG1,1.0,"[190, 733, 944, 3355]",1.0,9.99990000099999e-06,1.0040019960883641e-05,True,True,4.998265423755441
CCNH,1.0,"[1418, 2450, 2525, 3080]",1.0,9.99990000099999e-06,1.0040019960883641e-05,True,True,4.998265423755441
CCR2,1.0,"[486, 2238, 3413, 4039]",1.0,9.99990000099999e-06,1.0040019960883641e-05,True,True,4.998265423755441
CCT3,1.0,"[863, 1120, 1918, 4197]",1.0,9.99990000099999e-06,1.0040019960883641e-05,True,True,4.998265423755441
CCT4,0.8384920634920635,"[671, 1334, 2303, 2424]",0.8380716429626158,9.99990000099999e-06,1.0040019960883641e-05,True,True,4.998265423755441
CCT6A,1.0,"[479, 1403, 1457, 1913]",1.0,9.99990000099999e-06,1.0040019960883641e-05,True,True,4.998265423755441
CCT7,1.0,"[925, 2548, 3035]",1.0,9.99990000099999e-06,1.0040019960883641e-05,True,True,4.998265423755441
CD2BP2,1.0,"[56, 314, 2322, 3189]",1.0,9.99990000099999e-06,1.0040019960883641e-05,True,True,4.998265423755441
CD3EAP,0.7902199074074073,"[722, 742, 780, 2966]",0.789673829861608,9.99990000099999e-06,1.0040019960883641e-05,True,True,4.998265423755441
CD4,1.0,"[883, 1391, 2822, 4160]",1.0,9.99990000099999e-06,1.0040019960883641e-05,True,True,4.998265423755441
CD5,1.0,"[162, 1366, 1866, 4171]",1.0,9.99990000099999e-06,1.0040019960883641e-05,True,True,4.998265423755441
CD9,1.0,"[1155, 1261, 2222, 2395]",1.0,9.99990000099999e-06,1.0040019960883641e-05,True,True,4.998265423755441
CD164,1.0,"[1308, 1431, 1709, 2982]",1.0,9.99990000099999e-06,1.0040019960883641e-05,True,True,4.998265423755441
CDC5L,1.0,"[277, 905, 999, 2208]",1.0,9.99990000099999e-06,1.0040019960883641e-05,True,True,4.998265423755441
CDC27,0.5072366279253484,"[317, 1062, 2428, 3672]",0.5059539179715257,9.99990000099999e-06,1.0040019960883641e-05,True,True,4.998265423755441
CDC45,1.0,"[1274, 2048, 2163, 4169]",1.0,9.99990000099999e-06,1.0040019960883641e-05,True,True,4.998265423755441
CDH15,1.0,"[1610, 2062, 3562, 4006]",1.0,9.99990000099999e-06,1.0040019960883641e-05,True,True,4.998265423755441
CDIPT,1.0,"[1551, 2676, 3149, 4073]",1.0,9.99990000099999e-06,1.0040019960883641e-05,True,True,4.998265423755441
CDK7,1.0,"[735, 1027, 3341, 4166]",1.0,9.99990000099999e-06,1.0040019960883641e-05,True,True,4.998265423755441
CENPA,1.0,"[970, 2096, 2618, 2624]",1.0,9.99990000099999e-06,1.0040019960883641e-05,True,True,4.998265423755441
CENPC,0.9523809523809524,"[157, 196, 982, 2635]",0.9522569954680931,9.99990000099999e-06,1.0040019960883641e-05,True,True,4.998265423755441
CENPH,1.0,"[184, 514, 568, 805]",1.0,9.99990000099999e-06,1.0040019960883641e-05,True,True,4.998265423755441
CENPW,1.0,"[508, 2334, 2763, 3932]",1.0,9.99990000099999e-06,1.0040019960883641e-05,True,True,4.998265423755441
CEP55,0.8539772727272728,"[1270, 1926, 2603, 3757]",0.8535971616711923,9.99990000099999e-06,1.0040019960883641e-05,True,True,4.998265423755441
CEP85,1.0,"[1394, 2295, 3216, 3935]",1.0,9.99990000099999e-06,1.0040019960883641e-05,True,True,4.998265423755441
CEP135,1.0,"[579, 924, 936, 3381]",1.0,9.99990000099999e-06,1.0040019960883641e-05,True,True,4.998265423755441
CEP350,1.0,"[3481, 3551, 3639, 3665]",1.0,9.99990000099999e-06,1.0040019960883641e-05,True,True,4.998265423755441
CERCAM,1.0,"[616, 798, 1716, 3128]",1.0,9.99990000099999e-06,1.0040019960883641e-05,True,True,4.998265423755441
CERS6,1.0,"[2045, 2972, 3387, 3787]",1.0,9.99990000099999e-06,1.0040019960883641e-05,True,True,4.998265423755441
CFL1,1.0,"[2633, 3645, 3745, 4110]",1.0,9.99990000099999e-06,1.0040019960883641e-05,True,True,4.998265423755441
CHD1,1.0,"[1070, 3460, 3995, 4060]",1.0,9.99990000099999e-06,1.0040019960883641e-05,True,True,4.998265423755441
CHD4,1.0,"[1423, 1971, 3320, 3554]",1.0,9.99990000099999e-06,1.0040019960883641e-05,True,True,4.998265423755441
CHERP,1.0,"[1542, 2840, 3451, 3746]",1.0,9.99990000099999e-06,1.0040019960883641e-05,True,True,4.998265423755441
CHMP1A,1.0,"[603, 1704, 1975, 2167]",1.0,9.99990000099999e-06,1.0040019960883641e-05,True,True,4.998265423755441
CHMP2A,0.5991942670052477,"[1215, 2429, 2641, 3563]",0.5981509315375626,9.99990000099999e-06,1.0040019960883641e-05,True,True,4.998265423755441
CHMP4B,1.0,"[152, 2227, 3232, 3370]",1.0,9.99990000099999e-06,1.0040019960883641e-05,True,True,4.998265423755441
CHMP4C,0.9479166666666666,"[229, 307, 2469, 2961]",0.9477810887932268,9.99990000099999e-06,1.0040019960883641e-05,True,True,4.998265423755441
CHMP5,1.0,"[745, 2285, 2412, 3780]",1.0,9.99990000099999e-06,1.0040019960883641e-05,True,True,4.998265423755441
CHMP6,1.0,"[1555, 1769, 2649, 3170]",1.0,9.99990000099999e-06,1.0040019960883641e-05,True,True,4.998265423755441
CHMP7,1.0,"[451, 1359, 1850, 3717]",1.0,9.99990000099999e-06,1.0040019960883641e-05,True,True,4.998265423755441
CHST12,1.0,"[725, 1154, 1762, 2862]",1.0,9.99990000099999e-06,1.0040019960883641e-05,True,True,4.998265423755441
CHTF8,1.0,"[613, 1012, 2419, 3907]",1.0,9.99990000099999e-06,1.0040019960883641e-05,True,True,4.998265423755441
CIAO1,0.9791666666666666,"[354, 398, 810, 2343]",0.9791124355172907,9.99990000099999e-06,1.0040019960883641e-05,True,True,4.998265423755441
CIAPIN1,1.0,"[81, 1014, 3416, 3966]",1.0,9.99990000099999e-06,1.0040019960883641e-05,True,True,4.998265423755441
CIT,1.0,"[615, 1564, 2507, 2511]",1.0,9.99990000099999e-06,1.0040019960883641e-05,True,True,4.998265423755441
CLASP1,1.0,"[412, 1170, 2592, 2894]",1.0,9.99990000099999e-06,1.0040019960883641e-05,True,True,4.998265423755441
CLDN15,1.0,"[1879, 1964, 2411, 2849]",1.0,9.99990000099999e-06,1.0040019960883641e-05,True,True,4.998265423755441
CLK3,1.0,"[527, 859, 2181, 3351]",1.0,9.99990000099999e-06,1.0040019960883641e-05,True,True,4.998265423755441
CMTR1,1.0,"[231, 971, 2818, 3558]",1.0,9.99990000099999e-06,1.0040019960883641e-05,True,True,4.998265423755441
CNOT1,1.0,"[1096, 1118, 3756, 4179]",1.0,9.99990000099999e-06,1.0040019960883641e-05,True,True,4.998265423755441
CNOT2,1.0,"[1060, 1139, 1545, 2229]",1.0,9.99990000099999e-06,1.0040019960883641e-05,True,True,4.998265423755441
CNOT4,1.0,"[916, 1486, 2173, 3191]",1.0,9.99990000099999e-06,1.0040019960883641e-05,True,True,4.998265423755441
CNOT10,1.0,"[2557, 2680, 3366, 4133]",1.0,9.99990000099999e-06,1.0040019960883641e-05,True,True,4.998265423755441
CNOT11,0.9523809523809524,"[824, 1735, 2207, 3515]",0.9522569954680931,9.99990000099999e-06,1.0040019960883641e-05,True,True,4.998265423755441
COA4,1.0,"[467, 794, 1113, 3733]",1.0,9.99990000099999e-06,1.0040019960883641e-05,True,True,4.998265423755441
COA5,1.0,"[1438, 1891, 2631, 3396]",1.0,9.99990000099999e-06,1.0040019960883641e-05,True,True,4.998265423755441
COG3,1.0,"[368, 3090, 3698, 4032]",1.0,9.99990000099999e-06,1.0040019960883641e-05,True,True,4.998265423755441
COG4,1.0,"[938, 2183, 3577, 3863]",1.0,9.99990000099999e-06,1.0040019960883641e-05,True,True,4.998265423755441
COG6,1.0,"[133, 1888, 3984, 4130]",1.0,9.99990000099999e-06,1.0040019960883641e-05,True,True,4.998265423755441
COG7,1.0,"[332, 1523, 1923, 3470]",1.0,9.99990000099999e-06,1.0040019960883641e-05,True,True,4.998265423755441
COG8,0.9791666666666666,"[108, 771, 3541, 3768]",0.9791124355172907,9.99990000099999e-06,1.0040019960883641e-05,True,True,4.998265423755441
COL9A1,1.0,"[789, 2545, 3650, 3803]",1.0,9.99990000099999e-06,1.0040019960883641e-05,True,True,4.998265423755441
COL18A1,1.0,"[1666, 1875, 1885, 2240]",1.0,9.99990000099999e-06,1.0040019960883641e-05,True,True,4.998265423755441
COMMD4,1.0,"[640, 1589, 1740, 2379]",1.0,9.99990000099999e-06,1.0040019960883641e-05,True,True,4.998265423755441
COMMD5,1.0,"[1067, 1404, 2280, 3960]",1.0,9.99990000099999e-06,1.0040019960883641e-05,True,True,4.998265423755441
COMTD1,1.0,"[1853, 1948, 2186, 3447]",1.0,9.99990000099999e-06,1.0040019960883641e-05,True,True,4.998265423755441
COPA,1.0,"[1059, 2370, 3371, 4192]",1.0,9.99990000099999e-06,1.0040019960883641e-05,True,True,4.998265423755441
COPB1,1.0,"[89, 587, 921, 3405]",1.0,9.99990000099999e-06,1.0040019960883641e-05,True,True,4.998265423755441
COPB2,1.0,"[29, 659, 1430, 2646]",1.0,9.99990000099999e-06,1.0040019960883641e-05,True,True,4.998265423755441
COPS2,1.0,"[2007, 3157, 3159, 3360]",1.0,9.99990000099999e-06,1.0040019960883641e-05,True,True,4.998265423755441
COPS3,1.0,"[212, 1079, 2432, 3783]",1.0,9.99990000099999e-06,1.0040019960883641e-05,True,True,4.998265423755441
COPS4,0.927536231884058,"[69, 270, 2039, 2588]",0.9273476017992721,9.99990000099999e-06,1.0040019960883641e-05,True,True,4.998265423755441
COPS5,1.0,"[684, 1515, 2434]",1.0,9.99990000099999e-06,1.0040019960883641e-05,True,True,4.998265423755441
COPS6,1.0,"[1258, 2399, 3808, 3887]",1.0,9.99990000099999e-06,1.0040019960883641e-05,True,True,4.998265423755441
COPS8,0.9166666666666666,"[586, 853, 1234]",0.9164696207886326,9.99990000099999e-06,1.0040019960883641e-05,True,True,4.998265423755441
COPZ1,0.8717948717948718,"[1050, 1722, 2431, 3849]",0.8714611416448661,9.99990000099999e-06,1.0040019960883641e-05,True,True,4.998265423755441
COQ4,1.0,"[246, 452, 813, 3185]",1.0,9.99990000099999e-06,1.0040019960883641e-05,True,True,4.998265423755441
COQ7,1.0,"[94, 832, 2571, 3953]",1.0,9.99990000099999e-06,1.0040019960883641e-05,True,True,4.998265423755441
COQ10B,0.862231182795699,"[2209, 2444, 3058, 3916]",0.8618725574530516,9.99990000099999e-06,1.0040019960883641e-05,True,True,4.998265423755441
COX7B,0.8142857142857143,"[227, 1594, 2943, 3556]",0.8138022823255631,9.99990000099999e-06,1.0040019960883641e-05,True,True,4.998265423755441
COX7C,0.8362193362193362,"[1677, 1713, 2075, 3976]",0.8357929995645019,9.99990000099999e-06,1.0040019960883641e-05,True,True,4.998265423755441
COX11,1.0,"[946, 2244, 4007, 4068]",1.0,9.99990000099999e-06,1.0040019960883641e-05,True,True,4.998265423755441
COX14,1.0,"[932, 2821, 2948, 3813]",1.0,9.99990000099999e-06,1.0040019960883641e-05,True,True,4.998265423755441
COX15,1.0,"[247, 1644, 2363, 2690]",1.0,9.99990000099999e-06,1.0040019960883641e-05,True,True,4.998265423755441
CPOX,0.85103668261563,"[660, 1618, 2447, 2759]",0.8506489169236329,9.99990000099999e-06,1.0040019960883641e-05,True,True,4.998265423755441
CPSF2,1.0,"[259, 1004, 1244, 1433]",1.0,9.99990000099999e-06,1.0040019960883641e-05,True,True,4.998265423755441
CPSF3,1.0,"[218, 1128, 1145, 3339]",1.0,9.99990000099999e-06,1.0040019960883641e-05,True,True,4.998265423755441
CPSF6,1.0,"[964, 1928, 2899, 3527]",1.0,9.99990000099999e-06,1.0040019960883641e-05,True,True,4.998265423755441
CRAT,1.0,"[1314, 1956, 2510, 2912]",1.0,9.99990000099999e-06,1.0040019960883641e-05,True,True,4.998265423755441
CREBBP,1.0,"[1392, 1653, 2082, 2652]",1.0,9.99990000099999e-06,1.0040019960883641e-05,True,True,4.998265423755441
CSE1L,1.0,"[651, 930, 1358, 3664]",1.0,9.99990000099999e-06,1.0040019960883641e-05,True,True,4.998265423755441
CSNK2A2,1.0,"[913, 3334, 3740, 3948]",1.0,9.99990000099999e-06,1.0040019960883641e-05,True,True,4.998265423755441
CSNK2A3,1.0,"[478, 2037, 2148, 3140]",1.0,9.99990000099999e-06,1.0040019960883641e-05,True,True,4.998265423755441
CTDSP1,1.0,"[449, 1604, 2761, 3693]",1.0,9.99990000099999e-06,1.0040019960883641e-05,True,True,4.998265423755441
CTDSPL2,1.0,"[292, 986, 3209, 4031]",1.0,9.99990000099999e-06,1.0040019960883641e-05,True,True,4.998265423755441
CTPS2,1.0,"[128, 240, 1325, 4008]",1.0,9.99990000099999e-06,1.0040019960883641e-05,True,True,4.998265423755441
CTSG,1.0,"[1106, 2221, 2883, 3596]",1.0,9.99990000099999e-06,1.0040019960883641e-05,True,True,4.998265423755441
CTU1,0.923611111111111,"[1811, 2550, 3136, 3824]",0.9234122635633992,9.99990000099999e-06,1.0040019960883641e-05,True,True,4.998265423755441
CTU2,1.0,"[1818, 2497, 2559, 3539]",1.0,9.99990000099999e-06,1.0040019960883641e-05,True,True,4.998265423755441
CUL1,1.0,"[2296, 3060, 3571, 4164]",1.0,9.99990000099999e-06,1.0040019960883641e-05,True,True,4.998265423755441
CUL2,1.0,"[650, 667, 2276, 2314]",1.0,9.99990000099999e-06,1.0040019960883641e-05,True,True,4.998265423755441
CYP2C18,1.0,"[1208, 1330, 2767, 3229]",1.0,9.99990000099999e-06,1.0040019960883641e-05,True,True,4.998265423755441
CYP4V2,1.0,"[641, 2540, 2573, 3476]",1.0,9.99990000099999e-06,1.0040019960883641e-05,True,True,4.998265423755441
CYP26C1,1.0,"[723, 1548, 1976, 2423]",1.0,9.99990000099999e-06,1.0040019960883641e-05,True,True,4.998265423755441
DAD1,1.0,"[1869, 2700, 3667, 4019]",1.0,9.99990000099999e-06,1.0040019960883641e-05,True,True,4.998265423755441
DARS,1.0,"[327, 1491, 2629, 3732]",1.0,9.99990000099999e-06,1.0040019960883641e-05,True,True,4.998265423755441
DCAF7,1.0,"[857, 2064, 2537, 4051]",1.0,9.99990000099999e-06,1.0040019960883641e-05,True,True,4.998265423755441
DCAF11,1.0,"[689, 1087, 2921, 3957]",1.0,9.99990000099999e-06,1.0040019960883641e-05,True,True,4.998265423755441
DCTN4,1.0,"[43, 95, 130, 2580]",1.0,9.99990000099999e-06,1.0040019960883641e-05,True,True,4.998265423755441
DCTN5,1.0,"[2128, 2226, 2310, 3779]",1.0,9.99990000099999e-06,1.0040019960883641e-05,True,True,4.998265423755441
DDB1,1.0,"[1508, 2802, 2956, 3582]",1.0,9.99990000099999e-06,1.0040019960883641e-05,True,True,4.998265423755441
DDI2,1.0,"[942, 2634, 2689, 3842]",1.0,9.99990000099999e-06,1.0040019960883641e-05,True,True,4.998265423755441
DDOST,1.0,"[785, 1516, 1629, 3134]",1.0,9.99990000099999e-06,1.0040019960883641e-05,True,True,4.998265423755441
DDRGK1,1.0,"[74, 795, 1562, 2740]",1.0,9.99990000099999e-06,1.0040019960883641e-05,True,True,4.998265423755441
DDX18,1.0,"[17, 2004, 2549, 3735]",1.0,9.99990000099999e-06,1.0040019960883641e-05,True,True,4.998265423755441
DDX39B,1.0,"[1943, 2348, 2381, 2524]",1.0,9.99990000099999e-06,1.0040019960883641e-05,True,True,4.998265423755441
DDX46,1.0,"[1513, 1707, 2252, 4009]",1.0,9.99990000099999e-06,1.0040019960883641e-05,True,True,4.998265423755441
DDX47,0.9023809523809524,"[107, 1147, 3354, 3545]",0.9021268407095908,9.99990000099999e-06,1.0040019960883641e-05,True,True,4.998265423755441
DDX52,1.0,"[125, 1472, 3471, 3862]",1.0,9.99990000099999e-06,1.0040019960883641e-05,True,True,4.998265423755441
DENR,1.0,"[32, 871, 1131, 3881]",1.0,9.99990000099999e-06,1.0040019960883641e-05,True,True,4.998265423755441
DERL2,1.0,"[1220, 1269, 1927, 2793]",1.0,9.99990000099999e-06,1.0040019960883641e-05,True,True,4.998265423755441
DGCR8,1.0,"[599, 947, 2681, 3171]",1.0,9.99990000099999e-06,1.0040019960883641e-05,True,True,4.998265423755441
DGKD,1.0,"[1890, 1950, 3727, 3764]",1.0,9.99990000099999e-06,1.0040019960883641e-05,True,True,4.998265423755441
DHDDS,1.0,"[1887, 1938, 2875, 2915]",1.0,9.99990000099999e-06,1.0040019960883641e-05,True,True,4.998265423755441
DHRS9,1.0,"[1290, 3152, 3431, 3568]",1.0,9.99990000099999e-06,1.0040019960883641e-05,True,True,4.998265423755441
DHX9,1.0,"[1206, 2770, 3423, 3840]",1.0,9.99990000099999e-06,1.0040019960883641e-05,True,True,4.998265423755441
DHX30,0.878968253968254,"[1749, 2492, 2986, 3051]",0.8786531968147366,9.99990000099999e-06,1.0040019960883641e-05,True,True,4.998265423755441
DIS3L2,1.0,"[215, 1216, 2967, 4058]",1.0,9.99990000099999e-06,1.0040019960883641e-05,True,True,4.998265423755441
DLD,1.0,"[276, 529, 1753, 2523]",1.0,9.99990000099999e-06,1.0040019960883641e-05,True,True,4.998265423755441
DLG4,1.0,"[797, 1104, 1109, 1475]",1.0,9.99990000099999e-06,1.0040019960883641e-05,True,True,4.998265423755441
DMRTC2,1.0,"[994, 2016, 2827, 3678]",1.0,9.99990000099999e-06,1.0040019960883641e-05,True,True,4.998265423755441
DNAJA3,1.0,"[929, 1449, 3466, 4064]",1.0,9.99990000099999e-06,1.0040019960883641e-05,True,True,4.998265423755441
DNAJC19,0.7566756272401434,"[1140, 1643, 3491, 4093]",0.7560422307406579,9.99990000099999e-06,1.0040019960883641e-05,True,True,4.998265423755441
DNASE1L1,1.0,"[2097, 2100, 3522, 3606]",1.0,9.99990000099999e-06,1.0040019960883641e-05,True,True,4.998265423755441
DNMT1,1.0,"[49, 2665, 2775, 2902]",1.0,9.99990000099999e-06,1.0040019960883641e-05,True,True,4.998265423755441
DPH2,0.8942307692307693,"[580, 1737, 1988, 3844]",0.8939554418570145,9.99990000099999e-06,1.0040019960883641e-05,True,True,4.998265423755441
DPH3,1.0,"[1481, 3407, 4157, 4195]",1.0,9.99990000099999e-06,1.0040019960883641e-05,True,True,4.998265423755441
DRAP1,1.0,"[1036, 1731, 2272, 2913]",1.0,9.99990000099999e-06,1.0040019960883641e-05,True,True,4.998265423755441
DUT,0.8194444444444444,"[515, 1417, 1658, 4188]",0.818974441149853,9.99990000099999e-06,1.0040019960883641e-05,True,True,4.998265423755441
DYNC1H1,0.6016203036725425,"[70, 2509, 2719, 3458]",0.6005832834091884,9.99990000099999e-06,1.0040019960883641e-05,True,True,4.998265423755441
DYNC1I2,1.0,"[156, 483, 1232, 3066]",1.0,9.99990000099999e-06,1.0040019960883641e-05,True,True,4.998265423755441
DYNC1LI1,1.0,"[847, 1452, 2118, 3043]",1.0,9.99990000099999e-06,1.0040019960883641e-05,True,True,4.998265423755441
DYNC1LI2,1.0,"[397, 908, 1122, 1829]",1.0,9.99990000099999e-06,1.0040019960883641e-05,True,True,4.998265423755441
DYNLL1,1.0,"[626, 1504, 1543, 1708]",1.0,9.99990000099999e-06,1.0040019960883641e-05,True,True,4.998265423755441
DYNLL2,1.0,"[1246, 1505, 1544, 3786]",1.0,9.99990000099999e-06,1.0040019960883641e-05,True,True,4.998265423755441
DYRK1A,1.0,"[124, 3452, 3998, 4036]",1.0,9.99990000099999e-06,1.0040019960883641e-05,True,True,4.998265423755441
EBF1,1.0,"[1525, 2987, 2998, 3816]",1.0,9.99990000099999e-06,1.0040019960883641e-05,True,True,4.998265423755441
ECT2,0.4593767105811878,"[2369, 3394, 3823, 4091]",0.45796941670768776,9.99990000099999e-06,1.0040019960883641e-05,True,True,4.998265423755441
EFR3A,1.0,"[1054, 1190, 2190, 3125]",1.0,9.99990000099999e-06,1.0040019960883641e-05,True,True,4.998265423755441
EFTUD2,1.0,"[698, 2159, 2495, 2718]",1.0,9.99990000099999e-06,1.0040019960883641e-05,True,True,4.998265423755441
EGFL7,0.9523809523809524,"[1967, 2481, 2621, 2945]",0.9522569954680931,9.99990000099999e-06,1.0040019960883641e-05,True,True,4.998265423755441
EIF1AD,1.0,"[121, 1466, 1611, 1763]",1.0,9.99990000099999e-06,1.0040019960883641e-05,True,True,4.998265423755441
EIF2AK3,1.0,"[2218, 2297, 3031, 4023]",1.0,9.99990000099999e-06,1.0040019960883641e-05,True,True,4.998265423755441
EIF2B2,0.9444444444444444,"[2250, 2420, 2565, 2754]",0.9442998280461086,9.99990000099999e-06,1.0040019960883641e-05,True,True,4.998265423755441
EIF2B3,1.0,"[223, 862, 1519, 3054]",1.0,9.99990000099999e-06,1.0040019960883641e-05,True,True,4.998265423755441
EIF2B4,0.7158169209742107,"[590, 917, 2013, 3062]",0.7150771653737902,9.99990000099999e-06,1.0040019960883641e-05,True,True,4.998265423755441
EIF2B5,1.0,"[1659, 1767, 1800, 3526]",1.0,9.99990000099999e-06,1.0040019960883641e-05,True,True,4.998265423755441
EIF2S1,1.0,"[1502, 3176, 3272, 4090]",1.0,9.99990000099999e-06,1.0040019960883641e-05,True,True,4.998265423755441
EIF2S2,0.5589361355490388,"[134, 1705, 2575, 3414]",0.557788004333805,9.99990000099999e-06,1.0040019960883641e-05,True,True,4.998265423755441
EIF3A,1.0,"[178, 2833, 3426, 4185]",1.0,9.99990000099999e-06,1.0040019960883641e-05,True,True,4.998265423755441
EIF3B,1.0,"[139, 181, 968, 3488]",1.0,9.99990000099999e-06,1.0040019960883641e-05,True,True,4.998265423755441
EIF3L,1.0,"[558, 1247, 2046, 4118]",1.0,9.99990000099999e-06,1.0040019960883641e-05,True,True,4.998265423755441
EIF3M,0.9583333333333333,"[166, 2365, 3810, 3901]",0.9582248710345814,9.99990000099999e-06,1.0040019960883641e-05,True,True,4.998265423755441
EIF4A1,1.0,"[21, 149, 2011, 2774]",1.0,9.99990000099999e-06,1.0040019960883641e-05,True,True,4.998265423755441
EIF4G1,1.0,"[264, 531, 541, 3898]",1.0,9.99990000099999e-06,1.0040019960883641e-05,True,True,4.998265423755441
EIF5B,1.0,"[1775, 2699, 3307, 4106]",1.0,9.99990000099999e-06,1.0040019960883641e-05,True,True,4.998265423755441
EIF6,1.0,"[601, 1802, 2843, 3531]",1.0,9.99990000099999e-06,1.0040019960883641e-05,True,True,4.998265423755441
ELAC2,1.0,"[1066, 3129, 3599, 4148]",1.0,9.99990000099999e-06,1.0040019960883641e-05,True,True,4.998265423755441
ELAVL1,1.0,"[3091, 3309, 3374, 4127]",1.0,9.99990000099999e-06,1.0040019960883641e-05,True,True,4.998265423755441
ELOC,0.9791666666666666,"[435, 565, 830, 3068]",0.9791124355172907,9.99990000099999e-06,1.0040019960883641e-05,True,True,4.998265423755441
ELOVL1,1.0,"[50, 1250, 1410, 2877]",1.0,9.99990000099999e-06,1.0040019960883641e-05,True,True,4.998265423755441
ELP2,1.0,"[280, 1577, 3188, 3736]",1.0,9.99990000099999e-06,1.0040019960883641e-05,True,True,4.998265423755441
ELP4,1.0,"[1520, 1576, 1581, 2558]",1.0,9.99990000099999e-06,1.0040019960883641e-05,True,True,4.998265423755441
EMC1,0.9393939393939393,"[1480, 2576, 3174, 4066]",0.9392361760503003,9.99990000099999e-06,1.0040019960883641e-05,True,True,4.998265423755441
EMC2,1.0,"[790, 1167, 3682, 3893]",1.0,9.99990000099999e-06,1.0040019960883641e-05,True,True,4.998265423755441
EMC3,1.0,"[86, 1296, 3017, 3406]",1.0,9.99990000099999e-06,1.0040019960883641e-05,True,True,4.998265423755441
EPB41L2,1.0,"[131, 1912, 3258, 4176]",1.0,9.99990000099999e-06,1.0040019960883641e-05,True,True,4.998265423755441
EPRS,1.0,"[258, 566, 850, 1955]",1.0,9.99990000099999e-06,1.0040019960883641e-05,True,True,4.998265423755441
ERCC3,1.0,"[726, 809, 969, 1422]",1.0,9.99990000099999e-06,1.0040019960883641e-05,True,True,4.998265423755441
ERCC6,0.8821428571428571,"[491, 2794, 2932, 2983]",0.8818360637835304,9.99990000099999e-06,1.0040019960883641e-05,True,True,4.998265423755441
ERN1,1.0,"[362, 1148, 1638, 2018]",1.0,9.99990000099999e-06,1.0040019960883641e-05,True,True,4.998265423755441
ETHE1,1.0,"[875, 1393, 1570, 1603]",1.0,9.99990000099999e-06,1.0040019960883641e-05,True,True,4.998265423755441
ETS1,1.0,"[2081, 2302, 2931, 2970]",1.0,9.99990000099999e-06,1.0040019960883641e-05,True,True,4.998265423755441
EXOC4,1.0,"[80, 243, 3069, 4080]",1.0,9.99990000099999e-06,1.0040019960883641e-05,True,True,4.998265423755441
EXOC5,1.0,"[1311, 2547, 3274, 4021]",1.0,9.99990000099999e-06,1.0040019960883641e-05,True,True,4.998265423755441
EXOC7,1.0,"[155, 1372, 2667, 3949]",1.0,9.99990000099999e-06,1.0040019960883641e-05,True,True,4.998265423755441
EXOSC3,1.0,"[438, 3675, 3784]",1.0,9.99990000099999e-06,1.0040019960883641e-05,True,True,4.998265423755441
EXOSC5,1.0,"[1669, 2675, 3201, 3838]",1.0,9.99990000099999e-06,1.0040019960883641e-05,True,True,4.998265423755441
EXOSC6,0.6683897624781603,"[2854, 2911, 3580, 3874]",0.6675265494705297,9.99990000099999e-06,1.0040019960883641e-05,True,True,4.998265423755441
EXOSC8,1.0,"[373, 401, 576, 3248]",1.0,9.99990000099999e-06,1.0040019960883641e-05,True,True,4.998265423755441
F2,1.0,"[382, 2512, 2596, 2971]",1.0,9.99990000099999e-06,1.0040019960883641e-05,True,True,4.998265423755441
FAM83H,1.0,"[530, 2613, 2815, 2908]",1.0,9.99990000099999e-06,1.0040019960883641e-05,True,True,4.998265423755441
FANCC,1.0,"[2468, 3114, 3208, 4186]",1.0,9.99990000099999e-06,1.0040019960883641e-05,True,True,4.998265423755441
FANCG,0.9523809523809524,"[2002, 2346, 2587, 3798]",0.9522569954680931,9.99990000099999e-06,1.0040019960883641e-05,True,True,4.998265423755441
FANCM,0.9209770114942529,"[30, 211, 828, 3699]",0.920771307134551,9.99990000099999e-06,1.0040019960883641e-05,True,True,4.998265423755441
FARSA,1.0,"[161, 2886, 2905, 3079]",1.0,9.99990000099999e-06,1.0040019960883641e-05,True,True,4.998265423755441
FARSB,0.6071272764091785,"[959, 1946, 3078, 3744]",0.6061045913199568,9.99990000099999e-06,1.0040019960883641e-05,True,True,4.998265423755441
FAT1,1.0,"[272, 561, 1910, 1920]",1.0,9.99990000099999e-06,1.0040019960883641e-05,True,True,4.998265423755441
FAU,1.0,"[877, 1304, 1877, 1951]",1.0,9.99990000099999e-06,1.0040019960883641e-05,True,True,4.998265423755441
FBXL4,1.0,"[1125, 3225, 3980, 4129]",1.0,9.99990000099999e-06,1.0040019960883641e-05,True,True,4.998265423755441
FBXW11,1.0,"[58, 614, 1752, 2241]",1.0,9.99990000099999e-06,1.0040019960883641e-05,True,True,4.998265423755441
FCGR1A,0.2888798413133338,"[1101, 2036, 3510, 3942]",0.28702872786293476,0.0006999930000699993,0.0007013943874575269,True,True,3.1540377136555113
FECH,1.0,"[141, 3286, 3507, 3597]",1.0,9.99990000099999e-06,1.0040019960883641e-05,True,True,4.998265423755441
FGF1,1.0,"[592, 1451, 1973, 3719]",1.0,9.99990000099999e-06,1.0040019960883641e-05,True,True,4.998265423755441
FGF23,1.0,"[1008, 1313, 2313, 2742]",1.0,9.99990000099999e-06,1.0040019960883641e-05,True,True,4.998265423755441
FGFR1OP,1.0,"[189, 3372, 4081, 4174]",1.0,9.99990000099999e-06,1.0040019960883641e-05,True,True,4.998265423755441
FGFR1OP2,1.0,"[201, 2735, 4035, 4149]",1.0,9.99990000099999e-06,1.0040019960883641e-05,True,True,4.998265423755441
FIGLA,0.9305555555555556,"[833, 1756, 2739, 3139]",0.9303747850576358,9.99990000099999e-06,1.0040019960883641e-05,True,True,4.998265423755441
FJX1,0.8462820512820514,"[1623, 2630, 2691, 3210]",0.8458819088321944,9.99990000099999e-06,1.0040019960883641e-05,True,True,4.998265423755441
FKBP9,1.0,"[865, 1342, 3115, 3931]",1.0,9.99990000099999e-06,1.0040019960883641e-05,True,True,4.998265423755441
FLII,1.0,"[440, 581, 906, 2353]",1.0,9.99990000099999e-06,1.0040019960883641e-05,True,True,4.998265423755441
FOXD4L1,0.3635821859370447,"[1374, 1641, 2175, 2866]",0.3619255297991268,9.99990000099999e-06,1.0040019960883641e-05,True,True,4.998265423755441
FOXD4L5,1.0,"[727, 1214, 3329, 3794]",1.0,9.99990000099999e-06,1.0040019960883641e-05,True,True,4.998265423755441
FOXK1,1.0,"[84, 826, 1911, 2539]",1.0,9.99990000099999e-06,1.0040019960883641e-05,True,True,4.998265423755441
FOXL2,0.8332244008714598,"[621, 1182, 1764, 3047]",0.8327902681148869,9.99990000099999e-06,1.0040019960883641e-05,True,True,4.998265423755441
FTH1,0.6568380044822755,"[2766, 2940, 3636, 3965]",0.6559447211492002,9.99990000099999e-06,1.0040019960883641e-05,True,True,4.998265423755441
FTL,0.8711111111111112,"[2093, 2274, 2891, 4121]",0.8707756010669719,9.99990000099999e-06,1.0040019960883641e-05,True,True,4.998265423755441
FTSJ3,1.0,"[820, 3806, 4030, 4152]",1.0,9.99990000099999e-06,1.0040019960883641e-05,True,True,4.998265423755441
FUNDC2,1.0,"[302, 2577, 2716, 4044]",1.0,9.99990000099999e-06,1.0040019960883641e-05,True,True,4.998265423755441
FZD9,0.6964745451025939,"[1490, 2609, 2786, 3135]",0.6956844394569647,9.99990000099999e-06,1.0040019960883641e-05,True,True,4.998265423755441
GABBR1,0.7680555555555555,"[460, 662, 1493, 2200]",0.7674517820925034,9.99990000099999e-06,1.0040019960883641e-05,True,True,4.998265423755441
GABRR3,1.0,"[146, 360, 1368, 2530]",1.0,9.99990000099999e-06,1.0040019960883641e-05,True,True,4.998265423755441
GAK,1.0,"[0, 564, 1608, 3912]",1.0,9.99990000099999e-06,1.0040019960883641e-05,True,True,4.998265423755441
GARS,1.0,"[1135, 2306, 2721, 3860]",1.0,9.99990000099999e-06,1.0040019960883641e-05,True,True,4.998265423755441
GBF1,1.0,"[1092, 1584, 2710, 2914]",1.0,9.99990000099999e-06,1.0040019960883641e-05,True,True,4.998265423755441
GGTLC2,1.0,"[1453, 2160, 3098, 4076]",1.0,9.99990000099999e-06,1.0040019960883641e-05,True,True,4.998265423755441
GINS1,1.0,"[760, 2642, 3572, 3827]",1.0,9.99990000099999e-06,1.0040019960883641e-05,True,True,4.998265423755441
GINS2,1.0,"[838, 2413, 2963, 4004]",1.0,9.99990000099999e-06,1.0040019960883641e-05,True,True,4.998265423755441
GLB1,1.0,"[1360, 1937, 2823, 3246]",1.0,9.99990000099999e-06,1.0040019960883641e-05,True,True,4.998265423755441
GMPPB,1.0,"[1932, 2730, 3166, 3356]",1.0,9.99990000099999e-06,1.0040019960883641e-05,True,True,4.998265423755441
GNG5,0.9583333333333334,"[1231, 3005, 4099, 4146]",0.9582248710345814,9.99990000099999e-06,1.0040019960883641e-05,True,True,4.998265423755441
GNL2,1.0,"[632, 1728, 2389, 4075]",1.0,9.99990000099999e-06,1.0040019960883641e-05,True,True,4.998265423755441
GNL3,1.0,"[19, 553, 1229, 3024]",1.0,9.99990000099999e-06,1.0040019960883641e-05,True,True,4.998265423755441
GNL3L,1.0,"[2487, 3131, 3785, 4029]",1.0,9.99990000099999e-06,1.0040019960883641e-05,True,True,4.998265423755441
GNPNAT1,0.7633500208594076,"[683, 1600, 3589, 3716]",0.7627339984417154,9.99990000099999e-06,1.0040019960883641e-05,True,True,4.998265423755441
GOLGA2,1.0,"[692, 2521, 2797, 3970]",1.0,9.99990000099999e-06,1.0040019960883641e-05,True,True,4.998265423755441
GOLGA6D,0.7995791245791246,"[688, 1726, 2498, 2882]",0.7990574099663403,9.99990000099999e-06,1.0040019960883641e-05,True,True,4.998265423755441
GOLGA6L1,1.0,"[361, 1844, 2349, 3603]",1.0,9.99990000099999e-06,1.0040019960883641e-05,True,True,4.998265423755441
GOLGA8K,1.0,"[1369, 1636, 2677, 3181]",1.0,9.99990000099999e-06,1.0040019960883641e-05,True,True,4.998265423755441
GOLT1B,1.0,"[20, 376, 2232, 3555]",1.0,9.99990000099999e-06,1.0040019960883641e-05,True,True,4.998265423755441
GPN1,1.0,"[3392, 3513, 3904, 3974]",1.0,9.99990000099999e-06,1.0040019960883641e-05,True,True,4.998265423755441
GPN2,1.0,"[475, 3141, 3771, 4115]",1.0,9.99990000099999e-06,1.0040019960883641e-05,True,True,4.998265423755441
GPS1,1.0,"[416, 979, 1675, 1899]",1.0,9.99990000099999e-06,1.0040019960883641e-05,True,True,4.998265423755441
GPX4,1.0,"[625, 2117, 2328, 3987]",1.0,9.99990000099999e-06,1.0040019960883641e-05,True,True,4.998265423755441
GPX8,0.9791666666666666,"[8, 1129, 3013, 3432]",0.9791124355172907,9.99990000099999e-06,1.0040019960883641e-05,True,True,4.998265423755441
GRB2,1.0,"[120, 432, 848, 2152]",1.0,9.99990000099999e-06,1.0040019960883641e-05,True,True,4.998265423755441
GRIA3,1.0,"[759, 975, 1006, 3306]",1.0,9.99990000099999e-06,1.0040019960883641e-05,True,True,4.998265423755441
GRPEL1,1.0,"[315, 791, 1312, 3147]",1.0,9.99990000099999e-06,1.0040019960883641e-05,True,True,4.998265423755441
GTF2A1,1.0,"[887, 2224, 3184, 3420]",1.0,9.99990000099999e-06,1.0040019960883641e-05,True,True,4.998265423755441
GTF2A2,1.0,"[115, 333, 1387, 3265]",1.0,9.99990000099999e-06,1.0040019960883641e-05,True,True,4.998265423755441
GTF2B,1.0,"[910, 2390, 2865, 4205]",1.0,9.99990000099999e-06,1.0040019960883641e-05,True,True,4.998265423755441
GTF2E2,1.0,"[2005, 2139, 3737, 4117]",1.0,9.99990000099999e-06,1.0040019960883641e-05,True,True,4.998265423755441
GTF3C1,1.0,"[1478, 1701, 2342, 3920]",1.0,9.99990000099999e-06,1.0040019960883641e-05,True,True,4.998265423755441
GTF3C4,1.0,"[77, 2803, 3518, 3710]",1.0,9.99990000099999e-06,1.0040019960883641e-05,True,True,4.998265423755441
GTF3C6,1.0,"[1454, 2266, 2861, 3917]",1.0,9.99990000099999e-06,1.0040019960883641e-05,True,True,4.998265423755441
GTPBP4,1.0,"[2409, 3760, 3841, 4147]",1.0,9.99990000099999e-06,1.0040019960883641e-05,True,True,4.998265423755441
H2AFX,0.6986895914750038,"[1661, 1864, 2585, 4071]",0.6979052518058879,9.99990000099999e-06,1.0040019960883641e-05,True,True,4.998265423755441
HAMP,1.0,"[562, 3517, 3973, 4144]",1.0,9.99990000099999e-06,1.0040019960883641e-05,True,True,4.998265423755441
HARS,1.0,"[66, 814, 2687, 3240]",1.0,9.99990000099999e-06,1.0040019960883641e-05,True,True,4.998265423755441
HAUS4,1.0,"[2073, 3524, 3807, 3815]",1.0,9.99990000099999e-06,1.0040019960883641e-05,True,True,4.998265423755441
HAUS5,1.0,"[729, 2695, 2706, 2778]",1.0,9.99990000099999e-06,1.0040019960883641e-05,True,True,4.998265423755441
HAUS6,0.9315476190476191,"[73, 1069, 2008, 3130]",0.9313694309853838,9.99990000099999e-06,1.0040019960883641e-05,True,True,4.998265423755441
HBS1L,1.0,"[840, 1074, 3226, 4017]",1.0,9.99990000099999e-06,1.0040019960883641e-05,True,True,4.998265423755441
HDAC3,1.0,"[420, 3072, 3482, 3882]",1.0,9.99990000099999e-06,1.0040019960883641e-05,True,True,4.998265423755441
HDAC4,1.0,"[2078, 2531, 2924, 4084]",1.0,9.99990000099999e-06,1.0040019960883641e-05,True,True,4.998265423755441
HDAC6,1.0,"[763, 1719, 2210, 2712]",1.0,9.99990000099999e-06,1.0040019960883641e-05,True,True,4.998265423755441
HECTD1,1.0,"[487, 895, 1171, 3886]",1.0,9.99990000099999e-06,1.0040019960883641e-05,True,True,4.998265423755441
HGS,1.0,"[1371, 2119, 2169, 3203]",1.0,9.99990000099999e-06,1.0040019960883641e-05,True,True,4.998265423755441
HIC2,0.8233225108225108,"[1592, 1867, 2373, 2670]",0.8228626025037772,9.99990000099999e-06,1.0040019960883641e-05,True,True,4.998265423755441
HIST1H2AI,1.0,"[1738, 2583, 2820, 3121]",1.0,9.99990000099999e-06,1.0040019960883641e-05,True,True,4.998265423755441
HIST1H2BK,0.9393939393939393,"[1482, 1784, 2103, 3533]",0.9392361760503003,9.99990000099999e-06,1.0040019960883641e-05,True,True,4.998265423755441
HIST2H3D,0.7763752052545156,"[1662, 1676, 1765, 2949]",0.7757930886314113,9.99990000099999e-06,1.0040019960883641e-05,True,True,4.998265423755441
HMGB1,0.6513891598455029,"[98, 1200, 2211, 2858]",0.6504816926512714,9.99990000099999e-06,1.0040019960883641e-05,True,True,4.998265423755441
HMGB3,0.664023319145655,"[83, 142, 2010, 3262]",0.6631487398704754,9.99990000099999e-06,1.0040019960883641e-05,True,True,4.998265423755441
HMGCR,1.0,"[330, 631, 2544, 4135]",1.0,9.99990000099999e-06,1.0040019960883641e-05,True,True,4.998265423755441
HNRNPH1,1.0,"[71, 260, 1094, 3891]",1.0,9.99990000099999e-06,1.0040019960883641e-05,True,True,4.998265423755441
HNRNPH2,1.0,"[829, 1443, 2059, 3600]",1.0,9.99990000099999e-06,1.0040019960883641e-05,True,True,4.998265423755441
HNRNPK,1.0,"[1061, 2069, 2414, 3235]",1.0,9.99990000099999e-06,1.0040019960883641e-05,True,True,4.998265423755441
HOXB2,0.9791666666666666,"[404, 1786, 2156, 2470]",0.9791124355172907,9.99990000099999e-06,1.0040019960883641e-05,True,True,4.998265423755441
HSD17B12,1.0,"[1046, 1340, 2325, 3593]",1.0,9.99990000099999e-06,1.0040019960883641e-05,True,True,4.998265423755441
HSF1,1.0,"[320, 751, 1672, 3662]",1.0,9.99990000099999e-06,1.0040019960883641e-05,True,True,4.998265423755441
HSPA5,1.0,"[254, 1349, 1783, 3490]",1.0,9.99990000099999e-06,1.0040019960883641e-05,True,True,4.998265423755441
HSPA9,1.0,"[287, 2088, 2927, 4137]",1.0,9.99990000099999e-06,1.0040019960883641e-05,True,True,4.998265423755441
HSPA14,1.0,"[205, 294, 1225, 2623]",1.0,9.99990000099999e-06,1.0040019960883641e-05,True,True,4.998265423755441
HSPB9,1.0,"[1222, 2239, 2686, 2812]",1.0,9.99990000099999e-06,1.0040019960883641e-05,True,True,4.998265423755441
HSPD1,1.0,"[1083, 1426, 2201, 3638]",1.0,9.99990000099999e-06,1.0040019960883641e-05,True,True,4.998265423755441
HYOU1,1.0,"[191, 664, 738, 3375]",1.0,9.99990000099999e-06,1.0040019960883641e-05,True,True,4.998265423755441
IARS2,1.0,"[952, 2462, 2661, 3364]",1.0,9.99990000099999e-06,1.0040019960883641e-05,True,True,4.998265423755441
IBA57,0.9666666666666667,"[395, 2400, 3569, 3592]",0.9665798968276652,9.99990000099999e-06,1.0040019960883641e-05,True,True,4.998265423755441
IDH3A,1.0,"[1539, 3338, 3617, 3885]",1.0,9.99990000099999e-06,1.0040019960883641e-05,True,True,4.998265423755441
IDH3B,1.0,"[731, 1279, 3430, 4143]",1.0,9.99990000099999e-06,1.0040019960883641e-05,True,True,4.998265423755441
IER3IP1,0.9791666666666666,"[1972, 2430, 3788, 4000]",0.9791124355172907,9.99990000099999e-06,1.0040019960883641e-05,True,True,4.998265423755441
IGBP1,1.0,"[34, 511, 1295, 2212]",1.0,9.99990000099999e-06,1.0040019960883641e-05,True,True,4.998265423755441
ILF3,1.0,"[637, 675, 1892, 3312]",1.0,9.99990000099999e-06,1.0040019960883641e-05,True,True,4.998265423755441
IMP4,1.0,"[1288, 1903, 2859, 3520]",1.0,9.99990000099999e-06,1.0040019960883641e-05,True,True,4.998265423755441
IMPA2,1.0,"[882, 1103, 1736, 1773]",1.0,9.99990000099999e-06,1.0040019960883641e-05,True,True,4.998265423755441
IMPDH1,1.0,"[837, 2098, 2267, 3486]",1.0,9.99990000099999e-06,1.0040019960883641e-05,True,True,4.998265423755441
IMPDH2,1.0,"[1144, 2273, 2291, 2832]",1.0,9.99990000099999e-06,1.0040019960883641e-05,True,True,4.998265423755441
INCENP,0.79224404489235,"[423, 574, 2484, 2904]",0.7917032363690611,9.99990000099999e-06,1.0040019960883641e-05,True,True,4.998265423755441
INO80D,0.8897435897435897,"[623, 2289, 3523, 4109]",0.8894565818145848,9.99990000099999e-06,1.0040019960883641e-05,True,True,4.998265423755441
INO80E,1.0,"[993, 1907, 2705, 2772]",1.0,9.99990000099999e-06,1.0040019960883641e-05,True,True,4.998265423755441
INPPL1,1.0,"[1739, 2049, 2518, 4163]",1.0,9.99990000099999e-06,1.0040019960883641e-05,True,True,4.998265423755441
INTS1,1.0,"[2033, 2166, 3053, 3775]",1.0,9.99990000099999e-06,1.0040019960883641e-05,True,True,4.998265423755441
INTS2,0.9513888888888888,"[261, 672, 3028, 3611]",0.9512623495403449,9.99990000099999e-06,1.0040019960883641e-05,True,True,4.998265423755441
INTS5,0.9791666666666666,"[730, 1086, 2014, 2992]",0.9791124355172907,9.99990000099999e-06,1.0040019960883641e-05,True,True,4.998265423755441
INTS7,1.0,"[540, 821, 927, 4098]",1.0,9.99990000099999e-06,1.0040019960883641e-05,True,True,4.998265423755441
INTS10,1.0,"[1771, 2385, 3628, 3850]",1.0,9.99990000099999e-06,1.0040019960883641e-05,True,True,4.998265423755441
INTS11,1.0,"[144, 2180, 3781, 4003]",1.0,9.99990000099999e-06,1.0040019960883641e-05,True,True,4.998265423755441
ITGB1,1.0,"[257, 2172, 3352, 4124]",1.0,9.99990000099999e-06,1.0040019960883641e-05,True,True,4.998265423755441
ITPR1,1.0,"[1217, 1255, 1511, 2347]",1.0,9.99990000099999e-06,1.0040019960883641e-05,True,True,4.998265423755441
IVL,0.8449561403508772,"[154, 335, 846, 3795]",0.8445525464286794,9.99990000099999e-06,1.0040019960883641e-05,True,True,4.998265423755441
IZUMO2,1.0,"[1696, 3619, 3828, 3993]",1.0,9.99990000099999e-06,1.0040019960883641e-05,True,True,4.998265423755441
JUNB,1.0,"[1289, 2003, 2926, 3164]",1.0,9.99990000099999e-06,1.0040019960883641e-05,True,True,4.998265423755441
KANSL1,1.0,"[2052, 2737, 3445, 3625]",1.0,9.99990000099999e-06,1.0040019960883641e-05,True,True,4.998265423755441
KATNBL1,1.0,"[510, 1010, 1153, 1326]",1.0,9.99990000099999e-06,1.0040019960883641e-05,True,True,4.998265423755441
KCNG1,0.9791666666666666,"[1019, 1377, 1894, 2204]",0.9791124355172907,9.99990000099999e-06,1.0040019960883641e-05,True,True,4.998265423755441
KCNG4,1.0,"[1262, 1402, 1613, 3758]",1.0,9.99990000099999e-06,1.0040019960883641e-05,True,True,4.998265423755441
KCTD16,1.0,"[647, 1324, 2092, 3997]",1.0,9.99990000099999e-06,1.0040019960883641e-05,True,True,4.998265423755441
KDM4A,0.9444444444444444,"[992, 3034, 3487, 3946]",0.9442998280461086,9.99990000099999e-06,1.0040019960883641e-05,True,True,4.998265423755441
KDM6A,1.0,"[1277, 1521, 2044, 3652]",1.0,9.99990000099999e-06,1.0040019960883641e-05,True,True,4.998265423755441
KIAA1958,1.0,"[278, 3739, 4016, 4043]",1.0,9.99990000099999e-06,1.0040019960883641e-05,True,True,4.998265423755441
KIF11,1.0,"[411, 2284, 3649, 3663]",1.0,9.99990000099999e-06,1.0040019960883641e-05,True,True,4.998265423755441
KIF14,1.0,"[78, 348, 1606, 2406]",1.0,9.99990000099999e-06,1.0040019960883641e-05,True,True,4.998265423755441
KIF17,1.0,"[410, 2666, 3459, 3945]",1.0,9.99990000099999e-06,1.0040019960883641e-05,True,True,4.998265423755441
KIF20A,1.0,"[1477, 1622, 2120, 2231]",1.0,9.99990000099999e-06,1.0040019960883641e-05,True,True,4.998265423755441
KIF23,0.9791666666666666,"[301, 2136, 2404, 4150]",0.9791124355172907,9.99990000099999e-06,1.0040019960883641e-05,True,True,4.998265423755441
KIN,0.9136904761904762,"[61, 1650, 2889, 3502]",0.9134658042859187,9.99990000099999e-06,1.0040019960883641e-05,True,True,4.998265423755441
KLHL7,1.0,"[2333, 2386, 3982, 4155]",1.0,9.99990000099999e-06,1.0040019960883641e-05,True,True,4.998265423755441
KPNB1,1.0,"[736, 1040, 1280, 3379]",1.0,9.99990000099999e-06,1.0040019960883641e-05,True,True,4.998265423755441
KRAS,0.8703125,"[138, 1995, 2437, 3056]",0.8699749110951348,9.99990000099999e-06,1.0040019960883641e-05,True,True,4.998265423755441
KRI1,0.9479166666666666,"[691, 775, 1017, 2133]",0.9477810887932268,9.99990000099999e-06,1.0040019960883641e-05,True,True,4.998265423755441
KRT8,1.0,"[504, 2184, 2668, 2831]",1.0,9.99990000099999e-06,1.0040019960883641e-05,True,True,4.998265423755441
KRT10,1.0,"[706, 2655, 3313, 4105]",1.0,9.99990000099999e-06,1.0040019960883641e-05,True,True,4.998265423755441
KRT18,0.4298232666771721,"[1383, 2032, 2693, 3922]",0.42833904237658726,9.99990000099999e-06,1.0040019960883641e-05,True,True,4.998265423755441
KRTAP2-3,1.0,"[377, 2922, 2995, 3048]",1.0,9.99990000099999e-06,1.0040019960883641e-05,True,True,4.998265423755441
KRTAP2-4,1.0,"[1178, 1297, 2123, 2965]",1.0,9.99990000099999e-06,1.0040019960883641e-05,True,True,4.998265423755441
KRTAP4-2,0.9791666666666666,"[903, 2503, 3821, 3892]",0.9791124355172907,9.99990000099999e-06,1.0040019960883641e-05,True,True,4.998265423755441
LAMTOR1,1.0,"[555, 3687, 3790, 3802]",1.0,9.99990000099999e-06,1.0040019960883641e-05,True,True,4.998265423755441
LAMTOR2,1.0,"[384, 3389, 3778, 3873]",1.0,9.99990000099999e-06,1.0040019960883641e-05,True,True,4.998265423755441
LAMTOR3,1.0,"[1026, 2066, 2460, 3380]",1.0,9.99990000099999e-06,1.0040019960883641e-05,True,True,4.998265423755441
LAMTOR4,1.0,"[1896, 2323, 2632, 3127]",1.0,9.99990000099999e-06,1.0040019960883641e-05,True,True,4.998265423755441
LARP7,1.0,"[143, 2708, 3437, 3820]",1.0,9.99990000099999e-06,1.0040019960883641e-05,True,True,4.998265423755441
LARS,1.0,"[3799, 3857, 3936, 3978]",1.0,9.99990000099999e-06,1.0040019960883641e-05,True,True,4.998265423755441
LCE3A,0.9791666666666666,"[635, 1990, 2976, 3731]",0.9791124355172907,9.99990000099999e-06,1.0040019960883641e-05,True,True,4.998265423755441
LDLR,1.0,"[1042, 1893, 2154, 3509]",1.0,9.99990000099999e-06,1.0040019960883641e-05,True,True,4.998265423755441
LENG8,1.0,"[505, 2321, 2332, 2923]",1.0,9.99990000099999e-06,1.0040019960883641e-05,True,True,4.998265423755441
LIAS,1.0,"[1089, 1396, 2876, 4015]",1.0,9.99990000099999e-06,1.0040019960883641e-05,True,True,4.998265423755441
LIMD2,0.9393939393939393,"[680, 1550, 1674, 3041]",0.9392361760503003,9.99990000099999e-06,1.0040019960883641e-05,True,True,4.998265423755441
LIMS1,1.0,"[459, 543, 2129, 2930]",1.0,9.99990000099999e-06,1.0040019960883641e-05,True,True,4.998265423755441
LIN9,1.0,"[171, 1389, 2625, 2782]",1.0,9.99990000099999e-06,1.0040019960883641e-05,True,True,4.998265423755441
LIN37,1.0,"[523, 2541, 2612, 3101]",1.0,9.99990000099999e-06,1.0040019960883641e-05,True,True,4.998265423755441
LMX1B,0.8320175438596491,"[1307, 1826, 1982, 3939]",0.8315802695394179,9.99990000099999e-06,1.0040019960883641e-05,True,True,4.998265423755441
LRP1B,1.0,"[666, 1898, 2264, 3390]",1.0,9.99990000099999e-06,1.0040019960883641e-05,True,True,4.998265423755441
LSM4,0.8839285714285715,"[381, 767, 1071, 2396]",0.883626426453477,9.99990000099999e-06,1.0040019960883641e-05,True,True,4.998265423755441
LSM5,1.0,"[46, 1464, 2331, 2950]",1.0,9.99990000099999e-06,1.0040019960883641e-05,True,True,4.998265423755441
LSM6,1.0,"[228, 275, 2288, 4194]",1.0,9.99990000099999e-06,1.0040019960883641e-05,True,True,4.998265423755441
LTB4R,1.0,"[715, 1969, 2488, 2640]",1.0,9.99990000099999e-06,1.0040019960883641e-05,True,True,4.998265423755441
LTN1,1.0,"[41, 481, 717, 2217]",1.0,9.99990000099999e-06,1.0040019960883641e-05,True,True,4.998265423755441
LTV1,1.0,"[175, 2020, 2709, 3721]",1.0,9.99990000099999e-06,1.0040019960883641e-05,True,True,4.998265423755441
LYPD2,1.0,"[305, 889, 1536, 1652]",1.0,9.99990000099999e-06,1.0040019960883641e-05,True,True,4.998265423755441
LYSMD1,1.0,"[2355, 2879, 3826, 3833]",1.0,9.99990000099999e-06,1.0040019960883641e-05,True,True,4.998265423755441
MAD2L2,1.0,"[1249, 3132, 3367, 3950]",1.0,9.99990000099999e-06,1.0040019960883641e-05,True,True,4.998265423755441
MAFA,1.0,"[1102, 2339, 2508, 3094]",1.0,9.99990000099999e-06,1.0040019960883641e-05,True,True,4.998265423755441
MANF,1.0,"[699, 1357, 1776, 2656]",1.0,9.99990000099999e-06,1.0040019960883641e-05,True,True,4.998265423755441
MAP2K7,1.0,"[465, 1218, 1501, 2072]",1.0,9.99990000099999e-06,1.0040019960883641e-05,True,True,4.998265423755441
MAP7D1,1.0,"[1766, 2903, 3255, 3330]",1.0,9.99990000099999e-06,1.0040019960883641e-05,True,True,4.998265423755441
MAPK1,1.0,"[1236, 1631, 1694, 2673]",1.0,9.99990000099999e-06,1.0040019960883641e-05,True,True,4.998265423755441
MAPRE3,1.0,"[3046, 3543, 3567, 3696]",1.0,9.99990000099999e-06,1.0040019960883641e-05,True,True,4.998265423755441
MARS,1.0,"[922, 1213, 1248, 2402]",1.0,9.99990000099999e-06,1.0040019960883641e-05,True,True,4.998265423755441
MAX,1.0,"[221, 2185, 3398, 4156]",1.0,9.99990000099999e-06,1.0040019960883641e-05,True,True,4.998265423755441
MBD5,1.0,"[2110, 2981, 3154, 4145]",1.0,9.99990000099999e-06,1.0040019960883641e-05,True,True,4.998265423755441
MBTD1,1.0,"[752, 1181, 3167, 4027]",1.0,9.99990000099999e-06,1.0040019960883641e-05,True,True,4.998265423755441
MCEE,1.0,"[1174, 1917, 3065, 4107]",1.0,9.99990000099999e-06,1.0040019960883641e-05,True,True,4.998265423755441
MCM3,1.0,"[593, 965, 1421, 3076]",1.0,9.99990000099999e-06,1.0040019960883641e-05,True,True,4.998265423755441
MCM5,1.0,"[1727, 2205, 2261, 3096]",1.0,9.99990000099999e-06,1.0040019960883641e-05,True,True,4.998265423755441
MCM7,1.0,"[158, 383, 1032, 4053]",1.0,9.99990000099999e-06,1.0040019960883641e-05,True,True,4.998265423755441
MCRS1,1.0,"[304, 1703, 2493, 3713]",1.0,9.99990000099999e-06,1.0040019960883641e-05,True,True,4.998265423755441
MCTS1,1.0,"[1011, 2771, 2839, 4141]",1.0,9.99990000099999e-06,1.0040019960883641e-05,True,True,4.998265423755441
MDN1,1.0,"[202, 249, 836, 3408]",1.0,9.99990000099999e-06,1.0040019960883641e-05,True,True,4.998265423755441
MEAF6,1.0,"[1112, 1817, 2500, 2628]",1.0,9.99990000099999e-06,1.0040019960883641e-05,True,True,4.998265423755441
MED6,0.9333333333333333,"[991, 1044, 3484, 3776]",0.9331597936553304,9.99990000099999e-06,1.0040019960883641e-05,True,True,4.998265423755441
MED13L,1.0,"[1390, 2962, 3773, 4062]",1.0,9.99990000099999e-06,1.0040019960883641e-05,True,True,4.998265423755441
MED18,1.0,"[389, 2744, 3264, 3923]",1.0,9.99990000099999e-06,1.0040019960883641e-05,True,True,4.998265423755441
MED21,1.0,"[973, 1175, 1207, 2808]",1.0,9.99990000099999e-06,1.0040019960883641e-05,True,True,4.998265423755441
METAP1,1.0,"[498, 2683, 3930, 4022]",1.0,9.99990000099999e-06,1.0040019960883641e-05,True,True,4.998265423755441
METTL3,1.0,"[1157, 2115, 2378, 3378]",1.0,9.99990000099999e-06,1.0040019960883641e-05,True,True,4.998265423755441
METTL7A,1.0,"[835, 1566, 1870, 3944]",1.0,9.99990000099999e-06,1.0040019960883641e-05,True,True,4.998265423755441
METTL7B,1.0,"[163, 1420, 1527, 1986]",1.0,9.99990000099999e-06,1.0040019960883641e-05,True,True,4.998265423755441
MEX3C,1.0,"[860, 1966, 2551, 3519]",1.0,9.99990000099999e-06,1.0040019960883641e-05,True,True,4.998265423755441
MFAP1,0.9345238095238095,"[182, 1957, 2111, 4086]",0.9343533687686281,9.99990000099999e-06,1.0040019960883641e-05,True,True,4.998265423755441
MGAM,1.0,"[1921, 2620, 3182, 4055]",1.0,9.99990000099999e-06,1.0040019960883641e-05,True,True,4.998265423755441
MICOS13,1.0,"[1100, 1895, 2034, 2246]",1.0,9.99990000099999e-06,1.0040019960883641e-05,True,True,4.998265423755441
MIEN1,0.8942307692307693,"[386, 1836, 2308, 3357]",0.8939554418570145,9.99990000099999e-06,1.0040019960883641e-05,True,True,4.998265423755441
MIOS,1.0,"[170, 779, 2528, 2644]",1.0,9.99990000099999e-06,1.0040019960883641e-05,True,True,4.998265423755441
MLLT1,1.0,"[123, 2605, 3358, 4101]",1.0,9.99990000099999e-06,1.0040019960883641e-05,True,True,4.998265423755441
MMP17,1.0,"[1483, 1815, 3500, 3661]",1.0,9.99990000099999e-06,1.0040019960883641e-05,True,True,4.998265423755441
MOB4,1.0,"[16, 734, 1344, 3847]",1.0,9.99990000099999e-06,1.0040019960883641e-05,True,True,4.998265423755441
MRGBP,1.0,"[638, 898, 3508, 4057]",1.0,9.99990000099999e-06,1.0040019960883641e-05,True,True,4.998265423755441
MRM1,0.9666666666666667,"[674, 2275, 3077, 3835]",0.9665798968276652,9.99990000099999e-06,1.0040019960883641e-05,True,True,4.998265423755441
MROH6,0.9166666666666667,"[713, 1760, 1882, 2659]",0.9164497420691629,9.99990000099999e-06,1.0040019960883641e-05,True,True,4.998265423755441
MRPL20,1.0,"[2028, 2792, 3440, 3668]",1.0,9.99990000099999e-06,1.0040019960883641e-05,True,True,4.998265423755441
MRPL34,1.0,"[102, 852, 1150, 4094]",1.0,9.99990000099999e-06,1.0040019960883641e-05,True,True,4.998265423755441
MRPL39,0.5027605243014797,"[48, 281, 1781, 3483]",0.5014661626239331,9.99990000099999e-06,1.0040019960883641e-05,True,True,4.998265423755441
MRPL40,0.9444444444444444,"[1790, 3439, 3616, 4159]",0.9442998280461086,9.99990000099999e-06,1.0040019960883641e-05,True,True,4.998265423755441
MRPL42,0.6528392037397024,"[75, 1085, 1275, 3383]",0.6519355111477283,9.99990000099999e-06,1.0040019960883641e-05,True,True,4.998265423755441
MRPL52,0.8227513227513228,"[434, 1579, 2056, 2657]",0.8222899275756799,9.99990000099999e-06,1.0040019960883641e-05,True,True,4.998265423755441
MSANTD4,1.0,"[5, 263, 3659, 3770]",1.0,9.99990000099999e-06,1.0040019960883641e-05,True,True,4.998265423755441
MSH3,0.867445054945055,"[978, 1047, 3245, 3967]",0.8671000018078169,9.99990000099999e-06,1.0040019960883641e-05,True,True,4.998265423755441
MTA2,1.0,"[2019, 2397, 2651, 4078]",1.0,9.99990000099999e-06,1.0040019960883641e-05,True,True,4.998265423755441
MTBP,1.0,"[966, 1440, 2784, 3702]",1.0,9.99990000099999e-06,1.0040019960883641e-05,True,True,4.998265423755441
MTHFD1,1.0,"[728, 816, 1338, 1671]",1.0,9.99990000099999e-06,1.0040019960883641e-05,True,True,4.998265423755441
MTOR,1.0,"[1563, 2978, 3461, 3707]",1.0,9.99990000099999e-06,1.0040019960883641e-05,True,True,4.998265423755441
MUC13,1.0,"[68, 702, 1939, 1960]",1.0,9.99990000099999e-06,1.0040019960883641e-05,True,True,4.998265423755441
MUCL1,1.0,"[463, 687, 1469, 3419]",1.0,9.99990000099999e-06,1.0040019960883641e-05,True,True,4.998265423755441
MXRA8,1.0,"[1906, 2626, 2860, 2917]",1.0,9.99990000099999e-06,1.0040019960883641e-05,True,True,4.998265423755441
MYBPHL,1.0,"[1485, 2749, 3105, 3503]",1.0,9.99990000099999e-06,1.0040019960883641e-05,True,True,4.998265423755441
MYCL,1.0,"[1468, 2694, 3477, 3884]",1.0,9.99990000099999e-06,1.0040019960883641e-05,True,True,4.998265423755441
NACC1,1.0,"[2422, 2825, 2852, 3037]",1.0,9.99990000099999e-06,1.0040019960883641e-05,True,True,4.998265423755441
NAE1,1.0,"[996, 1287, 3340, 3409]",1.0,9.99990000099999e-06,1.0040019960883641e-05,True,True,4.998265423755441
NAMPT,1.0,"[219, 1355, 2067, 2897]",1.0,9.99990000099999e-06,1.0040019960883641e-05,True,True,4.998265423755441
NAPA,1.0,"[1572, 1868, 3711, 4103]",1.0,9.99990000099999e-06,1.0040019960883641e-05,True,True,4.998265423755441
NAPG,1.0,"[2225, 2279, 2769, 3512]",1.0,9.99990000099999e-06,1.0040019960883641e-05,True,True,4.998265423755441
NBEAL1,1.0,"[371, 1003, 1994, 3327]",1.0,9.99990000099999e-06,1.0040019960883641e-05,True,True,4.998265423755441
NBPF15,0.5281160881031112,"[630, 3311, 3632, 3975]",0.5268877293712304,9.99990000099999e-06,1.0040019960883641e-05,True,True,4.998265423755441
NCAN,1.0,"[271, 712, 1640, 3767]",1.0,9.99990000099999e-06,1.0040019960883641e-05,True,True,4.998265423755441
NCAPG2,1.0,"[394, 462, 1714, 3962]",1.0,9.99990000099999e-06,1.0040019960883641e-05,True,True,4.998265423755441
NCBP2,1.0,"[9, 972, 2248, 3036]",1.0,9.99990000099999e-06,1.0040019960883641e-05,True,True,4.998265423755441
NCDN,0.9358974358974359,"[2826, 3172, 3332, 3926]",0.935730570822433,9.99990000099999e-06,1.0040019960883641e-05,True,True,4.998265423755441
NCKIPSD,1.0,"[195, 1239, 2318, 3109]",1.0,9.99990000099999e-06,1.0040019960883641e-05,True,True,4.998265423755441
NCL,1.0,"[135, 1114, 1450, 4177]",1.0,9.99990000099999e-06,1.0040019960883641e-05,True,True,4.998265423755441
NCOA1,1.0,"[525, 2305, 3100, 3598]",1.0,9.99990000099999e-06,1.0040019960883641e-05,True,True,4.998265423755441
NCOA4,1.0,"[324, 663, 2360, 3001]",1.0,9.99990000099999e-06,1.0040019960883641e-05,True,True,4.998265423755441
NDUFC1,1.0,"[1424, 2338, 2725, 2783]",1.0,9.99990000099999e-06,1.0040019960883641e-05,True,True,4.998265423755441
NEDD8,0.619188912938913,"[1078, 2359, 2776, 3685]",0.6181976254374846,9.99990000099999e-06,1.0040019960883641e-05,True,True,4.998265423755441
NEK1,1.0,"[351, 923, 2216, 4047]",1.0,9.99990000099999e-06,1.0040019960883641e-05,True,True,4.998265423755441
NHSL1,1.0,"[831, 3204, 3796, 4202]",1.0,9.99990000099999e-06,1.0040019960883641e-05,True,True,4.998265423755441
NLE1,1.0,"[1678, 1852, 3083, 3690]",1.0,9.99990000099999e-06,1.0040019960883641e-05,True,True,4.998265423755441
NMT1,1.0,"[762, 2536, 2916, 2941]",1.0,9.99990000099999e-06,1.0040019960883641e-05,True,True,4.998265423755441
NOB1,1.0,"[709, 2162, 2171, 3722]",1.0,9.99990000099999e-06,1.0040019960883641e-05,True,True,4.998265423755441
NOL6,1.0,"[2452, 2463, 2466, 2723]",1.0,9.99990000099999e-06,1.0040019960883641e-05,True,True,4.998265423755441
NOL7,0.9666666666666667,"[1405, 2856, 3566, 3570]",0.9665798968276652,9.99990000099999e-06,1.0040019960883641e-05,True,True,4.998265423755441
NOL8,1.0,"[116, 1656, 1698, 2142]",1.0,9.99990000099999e-06,1.0040019960883641e-05,True,True,4.998265423755441
NOL10,1.0,"[393, 1188, 3165, 3584]",1.0,9.99990000099999e-06,1.0040019960883641e-05,True,True,4.998265423755441
NOLC1,1.0,"[1665, 1801, 2196, 2736]",1.0,9.99990000099999e-06,1.0040019960883641e-05,True,True,4.998265423755441
NOP9,0.8104440789473684,"[1177, 2616, 3300, 3425]",0.8099506468448229,9.99990000099999e-06,1.0040019960883641e-05,True,True,4.998265423755441
NOP16,0.9583333333333334,"[2608, 3103, 3605, 3914]",0.9582248710345814,9.99990000099999e-06,1.0040019960883641e-05,True,True,4.998265423755441
NOP56,1.0,"[1375, 2079, 2455, 2692]",1.0,9.99990000099999e-06,1.0040019960883641e-05,True,True,4.998265423755441
NOP58,0.6576994720765577,"[1243, 2485, 3288, 4012]",0.6568084312256163,9.99990000099999e-06,1.0040019960883641e-05,True,True,4.998265423755441
NPRL2,1.0,"[604, 1958, 2836, 4095]",1.0,9.99990000099999e-06,1.0040019960883641e-05,True,True,4.998265423755441
NR2C2AP,1.0,"[1427, 2993, 3868, 4083]",1.0,9.99990000099999e-06,1.0040019960883641e-05,True,True,4.998265423755441
NR2E1,0.6225673040200728,"[1881, 1925, 3195, 3752]",0.6215848107921502,9.99990000099999e-06,1.0040019960883641e-05,True,True,4.998265423755441
NR2F2,0.9262820512820513,"[370, 2957, 3173, 3369]",0.926090156445798,9.99990000099999e-06,1.0040019960883641e-05,True,True,4.998265423755441
NRAS,1.0,"[1591, 3671, 3748, 4114]",1.0,9.99990000099999e-06,1.0040019960883641e-05,True,True,4.998265423755441
NSA2,0.887310606060606,"[245, 1002, 2017, 2292]",0.887017264843527,9.99990000099999e-06,1.0040019960883641e-05,True,True,4.998265423755441
NTC,0.0888281521453419,"[2, 3, 12, 13, 15, 25, 26, 62, 90, 105, 136, 140, 151, 173, 186, 203, 224, 234, 251, 255, 279, 285, 311, 359, 380, 413, 414, 436, 443, 445, 446, 447, 448, 450, 454, 466, 468, 472, 474, 477, 482, 490, 492, 494, 507, 521, 528, 552, 577, 594, 610, 678, 695, 696, 707, 711, 719, 721, 737, 741, 748, 753, 768, 777, 781, 783, 799, 804, 808, 812, 817, 845, 854, 855, 856, 861, 872, 878, 884, 892, 894, 904, 928, 931, 939, 940, 941, 950, 951, 957, 960, 962, 987, 988, 1000, 1015, 1016, 1020, 1021, 1022, 1025, 1031, 1034, 1035, 1039, 1048, 1075, 1076, 1077, 1081, 1119, 1127, 1132, 1146, 1162, 1168, 1186, 1192, 1193, 1195, 1205, 1210, 1223, 1235, 1240, 1291, 1305, 1319, 1320, 1323, 1345, 1346, 1351, 1353, 1373, 1379, 1416, 1419, 1439, 1448, 1471, 1495, 1496, 1507, 1528, 1558, 1583, 1585, 1596, 1597, 1598, 1602, 1612, 1620, 1621, 1626, 1627, 1634, 1642, 1660, 1663, 1668, 1682, 1684, 1686, 1687, 1691, 1693, 1697, 1712, 1715, 1717, 1720, 1732, 1748, 1755, 1774, 1777, 1778, 1779, 1785, 1789, 1797, 1798, 1809, 1812, 1813, 1814, 1816, 1819, 1820, 1821, 1827, 1831, 1832, 1834, 1835, 1837, 1838, 1840, 1841, 1842, 1843, 1846, 1847, 1849, 1855, 1857, 1858, 1859, 1860]",0.039121229043424716,9.99990000099999e-06,1.0040019960883641e-05,True,True,4.998265423755441
NUDCD1,1.0,"[582, 1133, 2741, 3560]",1.0,9.99990000099999e-06,1.0040019960883641e-05,True,True,4.998265423755441
NUDT21,1.0,"[484, 701, 1354, 2435]",1.0,9.99990000099999e-06,1.0040019960883641e-05,True,True,4.998265423755441
NUFIP2,1.0,"[893, 1378, 2335, 2728]",1.0,9.99990000099999e-06,1.0040019960883641e-05,True,True,4.998265423755441
NUP37,1.0,"[92, 318, 2722, 2870]",1.0,9.99990000099999e-06,1.0040019960883641e-05,True,True,4.998265423755441
NUP54,1.0,"[900, 1227, 3871, 4201]",1.0,9.99990000099999e-06,1.0040019960883641e-05,True,True,4.998265423755441
NUP98,1.0,"[289, 967, 2457, 3395]",1.0,9.99990000099999e-06,1.0040019960883641e-05,True,True,4.998265423755441
NUP214,1.0,"[1183, 1273, 2366, 3742]",1.0,9.99990000099999e-06,1.0040019960883641e-05,True,True,4.998265423755441
OAZ1,0.6608570351217411,"[1164, 1983, 3150, 3741]",0.6599742137079116,9.99990000099999e-06,1.0040019960883641e-05,True,True,4.998265423755441
OGT,1.0,"[542, 1931, 2829, 3845]",1.0,9.99990000099999e-06,1.0040019960883641e-05,True,True,4.998265423755441
OR2T5,1.0,"[764, 1018, 2242, 2748]",1.0,9.99990000099999e-06,1.0040019960883641e-05,True,True,4.998265423755441
ORC6,1.0,"[2260, 2345, 3289, 3640]",1.0,9.99990000099999e-06,1.0040019960883641e-05,True,True,4.998265423755441
OSBPL7,1.0,"[557, 2286, 2584, 2780]",1.0,9.99990000099999e-06,1.0040019960883641e-05,True,True,4.998265423755441
OST4,1.0,"[1825, 2324, 2563, 2567]",1.0,9.99990000099999e-06,1.0040019960883641e-05,True,True,4.998265423755441
OTOP1,0.6802350427350428,"[841, 2522, 3095, 3913]",0.6794026641192367,9.99990000099999e-06,1.0040019960883641e-05,True,True,4.998265423755441
P4HB,1.0,"[589, 935, 1534, 3575]",1.0,9.99990000099999e-06,1.0040019960883641e-05,True,True,4.998265423755441
PAICS,0.9583333333333334,"[778, 1173, 3153, 3349]",0.9582248710345814,9.99990000099999e-06,1.0040019960883641e-05,True,True,4.998265423755441
PAN2,1.0,"[1945, 2220, 2243, 3399]",1.0,9.99990000099999e-06,1.0040019960883641e-05,True,True,4.998265423755441
PARP1,1.0,"[732, 1807, 2844, 3302]",1.0,9.99990000099999e-06,1.0040019960883641e-05,True,True,4.998265423755441
PARP12,1.0,"[953, 2042, 3538, 4181]",1.0,9.99990000099999e-06,1.0040019960883641e-05,True,True,4.998265423755441
PATL1,1.0,"[1582, 1991, 2214, 3959]",1.0,9.99990000099999e-06,1.0040019960883641e-05,True,True,4.998265423755441
PCF11,1.0,"[958, 1381, 3385, 3797]",1.0,9.99990000099999e-06,1.0040019960883641e-05,True,True,4.998265423755441
PCID2,1.0,"[869, 2461, 2918, 3179]",1.0,9.99990000099999e-06,1.0040019960883641e-05,True,True,4.998265423755441
PCYT1A,1.0,"[214, 1588, 2898, 3669]",1.0,9.99990000099999e-06,1.0040019960883641e-05,True,True,4.998265423755441
PDCD7,1.0,"[1098, 1979, 2627, 2851]",1.0,9.99990000099999e-06,1.0040019960883641e-05,True,True,4.998265423755441
PDGFRA,1.0,"[819, 1733, 2290, 3268]",1.0,9.99990000099999e-06,1.0040019960883641e-05,True,True,4.998265423755441
PDIA6,1.0,"[499, 2382, 2664, 3010]",1.0,9.99990000099999e-06,1.0040019960883641e-05,True,True,4.998265423755441
PDPK1,1.0,"[1268, 1628, 3207, 3608]",1.0,9.99990000099999e-06,1.0040019960883641e-05,True,True,4.998265423755441
PDZK1IP1,1.0,"[1233, 2009, 2029, 2475]",1.0,9.99990000099999e-06,1.0040019960883641e-05,True,True,4.998265423755441
PEF1,1.0,"[502, 585, 606, 3388]",1.0,9.99990000099999e-06,1.0040019960883641e-05,True,True,4.998265423755441
PEX19,1.0,"[591, 700, 2041, 3271]",1.0,9.99990000099999e-06,1.0040019960883641e-05,True,True,4.998265423755441
PFDN2,1.0,"[112, 880, 2574, 2990]",1.0,9.99990000099999e-06,1.0040019960883641e-05,True,True,4.998265423755441
PFN1,1.0,"[1916, 2137, 2516, 3044]",1.0,9.99990000099999e-06,1.0040019960883641e-05,True,True,4.998265423755441
PGK1,1.0,"[85, 876, 3267, 4092]",1.0,9.99990000099999e-06,1.0040019960883641e-05,True,True,4.998265423755441
PHB,1.0,"[1532, 1578, 1985, 3277]",1.0,9.99990000099999e-06,1.0040019960883641e-05,True,True,4.998265423755441
PHB2,1.0,"[1286, 1625, 1699, 3211]",1.0,9.99990000099999e-06,1.0040019960883641e-05,True,True,4.998265423755441
PHF23,1.0,"[148, 1097, 2814, 3615]",1.0,9.99990000099999e-06,1.0040019960883641e-05,True,True,4.998265423755441
PIAS1,1.0,"[63, 2071, 2421, 3990]",1.0,9.99990000099999e-06,1.0040019960883641e-05,True,True,4.998265423755441
PIGS,1.0,"[387, 1072, 3540, 4165]",1.0,9.99990000099999e-06,1.0040019960883641e-05,True,True,4.998265423755441
PIM2,1.0,"[1009, 1253, 3924, 3971]",1.0,9.99990000099999e-06,1.0040019960883641e-05,True,True,4.998265423755441
PKMYT1,1.0,"[1619, 2582, 2892, 2906]",1.0,9.99990000099999e-06,1.0040019960883641e-05,True,True,4.998265423755441
PLA2G4A,1.0,"[253, 328, 1281, 2490]",1.0,9.99990000099999e-06,1.0040019960883641e-05,True,True,4.998265423755441
PLEKHM2,1.0,"[2270, 2847, 2888, 3144]",1.0,9.99990000099999e-06,1.0040019960883641e-05,True,True,4.998265423755441
PLGLB2,1.0,"[518, 1121, 2954, 3925]",1.0,9.99990000099999e-06,1.0040019960883641e-05,True,True,4.998265423755441
PLOD3,1.0,"[427, 1546, 3145, 3730]",1.0,9.99990000099999e-06,1.0040019960883641e-05,True,True,4.998265423755441
POLA1,0.9583333333333333,"[150, 1226, 1470, 2578]",0.9582248710345814,9.99990000099999e-06,1.0040019960883641e-05,True,True,4.998265423755441
POLA2,1.0,"[79, 334, 2662, 3280]",1.0,9.99990000099999e-06,1.0040019960883641e-05,True,True,4.998265423755441
POLE,1.0,"[656, 2131, 3261, 3275]",1.0,9.99990000099999e-06,1.0040019960883641e-05,True,True,4.998265423755441
POLE2,0.8100198412698413,"[22, 3270, 3468, 3591]",0.8095253048362464,9.99990000099999e-06,1.0040019960883641e-05,True,True,4.998265423755441
POLE4,0.9523809523809524,"[2057, 2846, 3097, 3614]",0.9522569954680931,9.99990000099999e-06,1.0040019960883641e-05,True,True,4.998265423755441
POLR1B,1.0,"[345, 1541, 2579, 4002]",1.0,9.99990000099999e-06,1.0040019960883641e-05,True,True,4.998265423755441
POLR1C,0.7236752136752137,"[2755, 2804, 3006, 3474]",0.722955913958568,9.99990000099999e-06,1.0040019960883641e-05,True,True,4.998265423755441
POLR1E,0.9050925925925926,"[137, 622, 1056, 3411]",0.9048455395787689,9.99990000099999e-06,1.0040019960883641e-05,True,True,4.998265423755441
POLR2B,0.5232707667447191,"[945, 3347, 3801, 3991]",0.522029795180213,9.99990000099999e-06,1.0040019960883641e-05,True,True,4.998265423755441
POLR2C,1.0,"[300, 442, 2991, 4054]",1.0,9.99990000099999e-06,1.0040019960883641e-05,True,True,4.998265423755441
POLR2D,1.0,"[2504, 3335, 3433, 3532]",1.0,9.99990000099999e-06,1.0040019960883641e-05,True,True,4.998265423755441
POLR2E,0.5297415951955218,"[232, 470, 1445, 2798]",0.5285174678133022,9.99990000099999e-06,1.0040019960883641e-05,True,True,4.998265423755441
POLR2F,1.0,"[2439, 3039, 3444, 3933]",1.0,9.99990000099999e-06,1.0040019960883641e-05,True,True,4.998265423755441
POLR2H,0.8787878787878787,"[2024, 2645, 3108, 3940]",0.8784723521006006,9.99990000099999e-06,1.0040019960883641e-05,True,True,4.998265423755441
POLR2I,0.20632162375572466,"[1615, 1862, 2165, 2178]",0.20425560340795393,0.0007099929000709993,0.0007107028929710703,True,True,3.1483119167247104
POLR2M,1.0,"[164, 1909, 1965, 3979]",1.0,9.99990000099999e-06,1.0040019960883641e-05,True,True,4.998265423755441
POLR3A,1.0,"[147, 374, 1614, 1673]",1.0,9.99990000099999e-06,1.0040019960883641e-05,True,True,4.998265423755441
POLR3B,1.0,"[1367, 3099, 3142, 3677]",1.0,9.99990000099999e-06,1.0040019960883641e-05,True,True,4.998265423755441
POLR3E,1.0,"[10, 2282, 2358, 2586]",1.0,9.99990000099999e-06,1.0040019960883641e-05,True,True,4.998265423755441
POLR3F,0.46073375782616083,"[493, 2176, 3830, 4113]",0.45932999647578976,9.99990000099999e-06,1.0040019960883641e-05,True,True,4.998265423755441
POP4,1.0,"[367, 512, 2086, 3293]",1.0,9.99990000099999e-06,1.0040019960883641e-05,True,True,4.998265423755441
POU3F1,1.0,"[1115, 2102, 2595, 2864]",1.0,9.99990000099999e-06,1.0040019960883641e-05,True,True,4.998265423755441
PPAN,1.0,"[571, 867, 2711, 3858]",1.0,9.99990000099999e-06,1.0040019960883641e-05,True,True,4.998265423755441
PPAT,1.0,"[551, 608, 2047, 3384]",1.0,9.99990000099999e-06,1.0040019960883641e-05,True,True,4.998265423755441
PPCS,0.8218716289104638,"[1064, 1574, 2095, 3158]",0.8214079438080326,9.99990000099999e-06,1.0040019960883641e-05,True,True,4.998265423755441
PPIA,1.0,"[1828, 1884, 2179, 2237]",1.0,9.99990000099999e-06,1.0040019960883641e-05,True,True,4.998265423755441
PPIAL4D,1.0,"[385, 1254, 1299, 1747]",1.0,9.99990000099999e-06,1.0040019960883641e-05,True,True,4.998265423755441
PPIE,1.0,"[23, 3014, 3870, 3908]",1.0,9.99990000099999e-06,1.0040019960883641e-05,True,True,4.998265423755441
PPP1CA,1.0,"[682, 1437, 1996, 2269]",1.0,9.99990000099999e-06,1.0040019960883641e-05,True,True,4.998265423755441
PPP1R2,1.0,"[2122, 2262, 3544, 3854]",1.0,9.99990000099999e-06,1.0040019960883641e-05,True,True,4.998265423755441
PPP1R15B,1.0,"[441, 834, 1639, 2480]",1.0,9.99990000099999e-06,1.0040019960883641e-05,True,True,4.998265423755441
PPP2CA,1.0,"[6, 101, 208, 1977]",1.0,9.99990000099999e-06,1.0040019960883641e-05,True,True,4.998265423755441
PPWD1,1.0,"[1808, 2341, 2810, 3734]",1.0,9.99990000099999e-06,1.0040019960883641e-05,True,True,4.998265423755441
PPY,0.9240196078431372,"[532, 1617, 2055, 2383]",0.9238218236512956,9.99990000099999e-06,1.0040019960883641e-05,True,True,4.998265423755441
PRAMEF6,1.0,"[1263, 1700, 2197, 3894]",1.0,9.99990000099999e-06,1.0040019960883641e-05,True,True,4.998265423755441
PRCC,1.0,"[179, 364, 2928, 2974]",1.0,9.99990000099999e-06,1.0040019960883641e-05,True,True,4.998265423755441
PRDM13,1.0,"[2648, 2969, 3000, 3655]",1.0,9.99990000099999e-06,1.0040019960883641e-05,True,True,4.998265423755441
PREB,1.0,"[772, 1688, 2482, 2777]",1.0,9.99990000099999e-06,1.0040019960883641e-05,True,True,4.998265423755441
PRELID3B,0.9583333333333334,"[513, 755, 1284, 4040]",0.9582248710345814,9.99990000099999e-06,1.0040019960883641e-05,True,True,4.998265423755441
PRIM1,1.0,"[1228, 3377, 3680, 3805]",1.0,9.99990000099999e-06,1.0040019960883641e-05,True,True,4.998265423755441
PRKACA,0.9791666666666666,"[426, 770, 2682, 4182]",0.9791124355172907,9.99990000099999e-06,1.0040019960883641e-05,True,True,4.998265423755441
PRKRA,1.0,"[657, 1494, 3947, 4041]",1.0,9.99990000099999e-06,1.0040019960883641e-05,True,True,4.998265423755441
PRMT3,1.0,"[1517, 2230, 3075, 3333]",1.0,9.99990000099999e-06,1.0040019960883641e-05,True,True,4.998265423755441
PROS1,1.0,"[238, 2791, 4153, 4184]",1.0,9.99990000099999e-06,1.0040019960883641e-05,True,True,4.998265423755441
PRPF4,1.0,"[547, 765, 2724, 3402]",1.0,9.99990000099999e-06,1.0040019960883641e-05,True,True,4.998265423755441
PRPF6,0.503294243032532,"[1108, 1651, 2760, 3516]",0.5020012706756364,9.99990000099999e-06,1.0040019960883641e-05,True,True,4.998265423755441
PRPF39,1.0,"[1196, 3187, 3867, 4180]",1.0,9.99990000099999e-06,1.0040019960883641e-05,True,True,4.998265423755441
PRRC2A,1.0,"[1871, 1970, 2283, 4010]",1.0,9.99990000099999e-06,1.0040019960883641e-05,True,True,4.998265423755441
PRSS3,0.8813725490196078,"[288, 1657, 2415, 2750]",0.881063750474926,9.99990000099999e-06,1.0040019960883641e-05,True,True,4.998265423755441
PSMB6,1.0,"[42, 159, 937, 1689]",1.0,9.99990000099999e-06,1.0040019960883641e-05,True,True,4.998265423755441
PSMC2,1.0,"[172, 544, 3359, 3909]",1.0,9.99990000099999e-06,1.0040019960883641e-05,True,True,4.998265423755441
PSMC6,1.0,"[1924, 2105, 2448, 3701]",1.0,9.99990000099999e-06,1.0040019960883641e-05,True,True,4.998265423755441
PSMD2,1.0,"[704, 2425, 2727, 2758]",1.0,9.99990000099999e-06,1.0040019960883641e-05,True,True,4.998265423755441
PSMD4,1.0,"[535, 1961, 1987, 3346]",1.0,9.99990000099999e-06,1.0040019960883641e-05,True,True,4.998265423755441
PSMD11,0.8898809523809523,"[2134, 2857, 3709, 3963]",0.8895943020199653,9.99990000099999e-06,1.0040019960883641e-05,True,True,4.998265423755441
PSMD14,1.0,"[18, 716, 1165, 3297]",1.0,9.99990000099999e-06,1.0040019960883641e-05,True,True,4.998265423755441
PSPC1,1.0,"[1376, 3045, 3194, 3578]",1.0,9.99990000099999e-06,1.0040019960883641e-05,True,True,4.998265423755441
PSRC1,1.0,"[1553, 1934, 2517, 2762]",1.0,9.99990000099999e-06,1.0040019960883641e-05,True,True,4.998265423755441
PTDSS1,1.0,"[67, 407, 679, 2925]",1.0,9.99990000099999e-06,1.0040019960883641e-05,True,True,4.998265423755441
PTEN,1.0,"[633, 744, 1158, 1530]",1.0,9.99990000099999e-06,1.0040019960883641e-05,True,True,4.998265423755441
PTK2,1.0,"[545, 628, 1124, 3601]",1.0,9.99990000099999e-06,1.0040019960883641e-05,True,True,4.998265423755441
PTPMT1,1.0,"[1872, 3281, 3453, 3855]",1.0,9.99990000099999e-06,1.0040019960883641e-05,True,True,4.998265423755441
PTPRH,1.0,"[455, 673, 1565, 3514]",1.0,9.99990000099999e-06,1.0040019960883641e-05,True,True,4.998265423755441
PTPRR,1.0,"[1080, 1506, 4079, 4123]",1.0,9.99990000099999e-06,1.0040019960883641e-05,True,True,4.998265423755441
PUF60,1.0,"[533, 1788, 2855, 4175]",1.0,9.99990000099999e-06,1.0040019960883641e-05,True,True,4.998265423755441
PUM1,1.0,"[1211, 3236, 3259, 3633]",1.0,9.99990000099999e-06,1.0040019960883641e-05,True,True,4.998265423755441
PXN,1.0,"[806, 866, 2293, 4119]",1.0,9.99990000099999e-06,1.0040019960883641e-05,True,True,4.998265423755441
QARS,1.0,"[560, 2871, 3112, 3834]",1.0,9.99990000099999e-06,1.0040019960883641e-05,True,True,4.998265423755441
QTRT1,1.0,"[2795, 2901, 3900, 4122]",1.0,9.99990000099999e-06,1.0040019960883641e-05,True,True,4.998265423755441
RAB4A,1.0,"[47, 1944, 2294, 3996]",1.0,9.99990000099999e-06,1.0040019960883641e-05,True,True,4.998265423755441
RAB5C,1.0,"[538, 1203, 1796, 2145]",1.0,9.99990000099999e-06,1.0040019960883641e-05,True,True,4.998265423755441
RAB6A,0.8064871794871795,"[915, 2887, 3534, 3906]",0.8059834471987608,9.99990000099999e-06,1.0040019960883641e-05,True,True,4.998265423755441
RAB7A,1.0,"[473, 1333, 3344, 3681]",1.0,9.99990000099999e-06,1.0040019960883641e-05,True,True,4.998265423755441
RAB10,1.0,"[977, 1099, 1930, 3622]",1.0,9.99990000099999e-06,1.0040019960883641e-05,True,True,4.998265423755441
RAB11A,1.0,"[645, 1442, 2371, 3972]",1.0,9.99990000099999e-06,1.0040019960883641e-05,True,True,4.998265423755441
RAB14,1.0,"[269, 720, 3217, 4025]",1.0,9.99990000099999e-06,1.0040019960883641e-05,True,True,4.998265423755441
RABGGTA,1.0,"[1051, 2277, 2317, 2679]",1.0,9.99990000099999e-06,1.0040019960883641e-05,True,True,4.998265423755441
RABGGTB,1.0,"[2168, 2988, 3504, 3550]",1.0,9.99990000099999e-06,1.0040019960883641e-05,True,True,4.998265423755441
RAC1,1.0,"[1187, 1936, 2070, 3434]",1.0,9.99990000099999e-06,1.0040019960883641e-05,True,True,4.998265423755441
RAC3,1.0,"[1873, 1880, 2116, 4168]",1.0,9.99990000099999e-06,1.0040019960883641e-05,True,True,4.998265423755441
RAD21,1.0,"[206, 357, 3162, 3626]",1.0,9.99990000099999e-06,1.0040019960883641e-05,True,True,4.998265423755441
RAE1,1.0,"[981, 1500, 2440, 4013]",1.0,9.99990000099999e-06,1.0040019960883641e-05,True,True,4.998265423755441
RAI14,1.0,"[570, 1929, 3291, 3691]",1.0,9.99990000099999e-06,1.0040019960883641e-05,True,True,4.998265423755441
RANBP1,1.0,"[509, 1456, 3192, 4085]",1.0,9.99990000099999e-06,1.0040019960883641e-05,True,True,4.998265423755441
RANGAP1,1.0,"[1341, 1897, 2234, 2564]",1.0,9.99990000099999e-06,1.0040019960883641e-05,True,True,4.998265423755441
RAP1GAP2,1.0,"[956, 2193, 3026, 3529]",1.0,9.99990000099999e-06,1.0040019960883641e-05,True,True,4.998265423755441
RAPGEF1,1.0,"[256, 1130, 3336, 3561]",1.0,9.99990000099999e-06,1.0040019960883641e-05,True,True,4.998265423755441
RARS,1.0,"[1497, 2138, 2146, 3253]",1.0,9.99990000099999e-06,1.0040019960883641e-05,True,True,4.998265423755441
RBBP8,1.0,"[235, 1908, 2320, 2639]",1.0,9.99990000099999e-06,1.0040019960883641e-05,True,True,4.998265423755441
RBFA,1.0,"[497, 2023, 3644, 3715]",1.0,9.99990000099999e-06,1.0040019960883641e-05,True,True,4.998265423755441
RBM5,1.0,"[654, 669, 1138, 4102]",1.0,9.99990000099999e-06,1.0040019960883641e-05,True,True,4.998265423755441
RBM10,1.0,"[1028, 1267, 1465, 3361]",1.0,9.99990000099999e-06,1.0040019960883641e-05,True,True,4.998265423755441
RBM14,1.0,"[1242, 2203, 2773, 3637]",1.0,9.99990000099999e-06,1.0040019960883641e-05,True,True,4.998265423755441
RBM22,0.7643145161290322,"[567, 2955, 3325, 4173]",0.763701004384318,9.99990000099999e-06,1.0040019960883641e-05,True,True,4.998265423755441
RBM26,1.0,"[27, 153, 2944, 3631]",1.0,9.99990000099999e-06,1.0040019960883641e-05,True,True,4.998265423755441
RBM28,0.9006410256410255,"[51, 888, 3754, 3938]",0.9003823847747712,9.99990000099999e-06,1.0040019960883641e-05,True,True,4.998265423755441
RBM42,1.0,"[1302, 1455, 1730, 2377]",1.0,9.99990000099999e-06,1.0040019960883641e-05,True,True,4.998265423755441
RBMXL1,1.0,"[209, 815, 1886, 3497]",1.0,9.99990000099999e-06,1.0040019960883641e-05,True,True,4.998265423755441
RBPJ,0.9191666666666667,"[31, 1310, 1476, 1503]",0.918956249807088,9.99990000099999e-06,1.0040019960883641e-05,True,True,4.998265423755441
RCL1,1.0,"[403, 1189, 2614, 3832]",1.0,9.99990000099999e-06,1.0040019960883641e-05,True,True,4.998265423755441
REST,1.0,"[111, 220, 1406, 2446]",1.0,9.99990000099999e-06,1.0040019960883641e-05,True,True,4.998265423755441
REV3L,1.0,"[844, 1172, 2456, 3586]",1.0,9.99990000099999e-06,1.0040019960883641e-05,True,True,4.998265423755441
RFWD3,0.9791666666666666,"[295, 2213, 2589, 2790]",0.9791124355172907,9.99990000099999e-06,1.0040019960883641e-05,True,True,4.998265423755441
RGP1,1.0,"[298, 2570, 2890, 3738]",1.0,9.99990000099999e-06,1.0040019960883641e-05,True,True,4.998265423755441
RGPD8,0.857936507936508,"[803, 1805, 3415, 4108]",0.8575667031464778,9.99990000099999e-06,1.0040019960883641e-05,True,True,4.998265423755441
RHOA,1.0,"[1, 226, 2311, 2553]",1.0,9.99990000099999e-06,1.0040019960883641e-05,True,True,4.998265423755441
RHOF,1.0,"[2256, 2698, 3038, 3283]",1.0,9.99990000099999e-06,1.0040019960883641e-05,True,True,4.998265423755441
RHOG,0.9345238095238095,"[1723, 1830, 2140, 2697]",0.9343533687686281,9.99990000099999e-06,1.0040019960883641e-05,True,True,4.998265423755441
RHOQ,0.6878198099415205,"[2192, 2491, 3530, 3774]",0.6870071751965955,9.99990000099999e-06,1.0040019960883641e-05,True,True,4.998265423755441
RICTOR,1.0,"[2837, 3123, 3683, 3919]",1.0,9.99990000099999e-06,1.0040019960883641e-05,True,True,4.998265423755441
RIOK2,0.7737547892720307,"[87, 949, 3704, 3750]",0.7731658514567388,9.99990000099999e-06,1.0040019960883641e-05,True,True,4.998265423755441
RNF11,1.0,"[391, 668, 3443, 3525]",1.0,9.99990000099999e-06,1.0040019960883641e-05,True,True,4.998265423755441
RNF20,1.0,"[554, 2533, 2789, 3576]",1.0,9.99990000099999e-06,1.0040019960883641e-05,True,True,4.998265423755441
RNF41,1.0,"[539, 1492, 2910, 3546]",1.0,9.99990000099999e-06,1.0040019960883641e-05,True,True,4.998265423755441
RNF146,1.0,"[1499, 2153, 3688, 4140]",1.0,9.99990000099999e-06,1.0040019960883641e-05,True,True,4.998265423755441
RPA2,1.0,"[349, 3107, 3386, 3629]",1.0,9.99990000099999e-06,1.0040019960883641e-05,True,True,4.998265423755441
RPF2,1.0,"[1013, 1702, 2863, 3890]",1.0,9.99990000099999e-06,1.0040019960883641e-05,True,True,4.998265423755441
RPL5,1.0,"[2287, 2350, 3106, 3489]",1.0,9.99990000099999e-06,1.0040019960883641e-05,True,True,4.998265423755441
RPL9,1.0,"[1052, 1163, 3186, 3590]",1.0,9.99990000099999e-06,1.0040019960883641e-05,True,True,4.998265423755441
RPL15,0.8584415584415584,"[4, 2040, 2611, 3368]",0.8580730683460586,9.99990000099999e-06,1.0040019960883641e-05,True,True,4.998265423755441
RPL18,1.0,"[291, 886, 3462, 3549]",1.0,9.99990000099999e-06,1.0040019960883641e-05,True,True,4.998265423755441
RPL23,0.890625,"[233, 983, 1557, 4158]",0.8903402864657763,9.99990000099999e-06,1.0040019960883641e-05,True,True,4.998265423755441
RPL26,1.0,"[1038, 1204, 3588, 4191]",1.0,9.99990000099999e-06,1.0040019960883641e-05,True,True,4.998265423755441
RPL27A,1.0,"[757, 2494, 4005, 4200]",1.0,9.99990000099999e-06,1.0040019960883641e-05,True,True,4.998265423755441
RPL30,1.0,"[57, 216, 3397, 3641]",1.0,9.99990000099999e-06,1.0040019960883641e-05,True,True,4.998265423755441
RPL32,0.9583333333333333,"[618, 822, 1197, 1441]",0.9582248710345814,9.99990000099999e-06,1.0040019960883641e-05,True,True,4.998265423755441
RPL34,1.0,"[76, 3015, 3126, 3404]",1.0,9.99990000099999e-06,1.0040019960883641e-05,True,True,4.998265423755441
RPL35,0.8,"[1271, 3178, 3642, 3999]",0.799479380965991,9.99990000099999e-06,1.0040019960883641e-05,True,True,4.998265423755441
RPL37A,1.0,"[670, 2543, 3535, 3574]",1.0,9.99990000099999e-06,1.0040019960883641e-05,True,True,4.998265423755441
RPL41,0.5102212723899667,"[400, 1721, 2781, 4142]",0.5089463317497342,9.99990000099999e-06,1.0040019960883641e-05,True,True,4.998265423755441
RPLP1,0.6583994708994709,"[1030, 1637, 1787, 3759]",0.6575102522120844,9.99990000099999e-06,1.0040019960883641e-05,True,True,4.998265423755441
RPLP2,0.735989010989011,"[705, 1159, 2751, 2757]",0.7353017652586777,9.99990000099999e-06,1.0040019960883641e-05,True,True,4.998265423755441
RPRD1A,1.0,"[114, 471, 1409, 3118]",1.0,9.99990000099999e-06,1.0040019960883641e-05,True,True,4.998265423755441
RPS3A,0.41839280310823507,"[1347, 1725, 3769, 4203]",0.4168788242231426,9.99990000099999e-06,1.0040019960883641e-05,True,True,4.998265423755441
RPS4X,0.19780750038013306,"[3257, 3910, 3968, 4089]",0.19571931695892614,0.0007199928000719992,0.0007199928000719992,True,True,3.142671846491836
RPS5,0.48834995698381367,"[419, 1435, 1632, 4042]",0.48701808322808493,9.99990000099999e-06,1.0040019960883641e-05,True,True,4.998265423755441
RPS6,1.0,"[537, 891, 3088, 3322]",1.0,9.99990000099999e-06,1.0040019960883641e-05,True,True,4.998265423755441
RPS6KA4,1.0,"[1561, 1824, 2114, 2678]",1.0,9.99990000099999e-06,1.0040019960883641e-05,True,True,4.998265423755441
RPS8,0.8347222222222221,"[293, 1900, 2607, 2696]",0.8342919884371731,9.99990000099999e-06,1.0040019960883641e-05,True,True,4.998265423755441
RPS9,1.0,"[2459, 2617, 2806, 3876]",1.0,9.99990000099999e-06,1.0040019960883641e-05,True,True,4.998265423755441
RPS10,0.3450750680034735,"[1266, 1400, 3493, 3825]",0.34337023607625117,9.99990000099999e-06,1.0040019960883641e-05,True,True,4.998265423755441
RPS14,1.0,"[1230, 1649, 1667, 3446]",1.0,9.99990000099999e-06,1.0040019960883641e-05,True,True,4.998265423755441
RPS16,1.0,"[321, 424, 1005, 2035]",1.0,9.99990000099999e-06,1.0040019960883641e-05,True,True,4.998265423755441
RPS19BP1,0.8239087301587301,"[28, 1575, 1655, 2253]",0.8234503478247192,9.99990000099999e-06,1.0040019960883641e-05,True,True,4.998265423755441
RPS25,0.35578206437882115,"[609, 2236, 2977, 3241]",0.3541051037821492,9.99990000099999e-06,1.0040019960883641e-05,True,True,4.998265423755441
RPS27A,0.7674603174603174,"[989, 1538, 2124, 2801]",0.7668549945358545,9.99990000099999e-06,1.0040019960883641e-05,True,True,4.998265423755441
RPS28,0.7058531746031746,"[2038, 2546, 3878, 4097]",0.7050874824227,9.99990000099999e-06,1.0040019960883641e-05,True,True,4.998265423755441
RPS29,0.7127976190476191,"[353, 1212, 1905, 1947]",0.7120500039169364,9.99990000099999e-06,1.0040019960883641e-05,True,True,4.998265423755441
RPSA,0.34621387495177236,"[1434, 3282, 3851, 4120]",0.34451200744741683,9.99990000099999e-06,1.0040019960883641e-05,True,True,4.998265423755441
RPTOR,1.0,"[2080, 2405, 3285, 3899]",1.0,9.99990000099999e-06,1.0040019960883641e-05,True,True,4.998265423755441
RRM1,1.0,"[1690, 2121, 3022, 3843]",1.0,9.99990000099999e-06,1.0040019960883641e-05,True,True,4.998265423755441
RRN3,0.5002974445510568,"[536, 948, 2572, 3436]",0.49899667124250857,9.99990000099999e-06,1.0040019960883641e-05,True,True,4.998265423755441
RRP7A,1.0,"[629, 2467, 2515, 2756]",1.0,9.99990000099999e-06,1.0040019960883641e-05,True,True,4.998265423755441
RRS1,0.6287187478422815,"[1384, 2257, 3304, 3831]",0.6277522674080616,9.99990000099999e-06,1.0040019960883641e-05,True,True,4.998265423755441
RSL24D1,1.0,"[1073, 2472, 2597, 3410]",1.0,9.99990000099999e-06,1.0040019960883641e-05,True,True,4.998265423755441
RTTN,1.0,"[45, 823, 2388, 3218]",1.0,9.99990000099999e-06,1.0040019960883641e-05,True,True,4.998265423755441
RXRA,1.0,"[758, 769, 1259, 1692]",1.0,9.99990000099999e-06,1.0040019960883641e-05,True,True,4.998265423755441
S100B,0.7751401334955932,"[1180, 1710, 2671, 2746]",0.7745548018631585,9.99990000099999e-06,1.0040019960883641e-05,True,True,4.998265423755441
SACM1L,0.9791666666666666,"[336, 418, 1176, 3219]",0.9791124355172907,9.99990000099999e-06,1.0040019960883641e-05,True,True,4.998265423755441
SALL3,1.0,"[1863, 2483, 2643, 2853]",1.0,9.99990000099999e-06,1.0040019960883641e-05,True,True,4.998265423755441
SAMM50,0.8305555555555555,"[103, 597, 899, 1151]",0.8301144755406311,9.99990000099999e-06,1.0040019960883641e-05,True,True,4.998265423755441
SARS,1.0,"[326, 2206, 3937]",1.0,9.99990000099999e-06,1.0040019960883641e-05,True,True,4.998265423755441
SCAF4,1.0,"[2130, 2247, 2384, 3747]",1.0,9.99990000099999e-06,1.0040019960883641e-05,True,True,4.998265423755441
SCAF8,1.0,"[347, 1117, 1143, 1935]",1.0,9.99990000099999e-06,1.0040019960883641e-05,True,True,4.998265423755441
SCAP,1.0,"[1398, 2021, 2566, 2959]",1.0,9.99990000099999e-06,1.0040019960883641e-05,True,True,4.998265423755441
SCN8A,1.0,"[322, 1082, 3032, 3777]",1.0,9.99990000099999e-06,1.0040019960883641e-05,True,True,4.998265423755441
SCN10A,1.0,"[237, 2800, 3143, 3903]",1.0,9.99990000099999e-06,1.0040019960883641e-05,True,True,4.998265423755441
SCYL1,1.0,"[575, 1605, 1616, 2109]",1.0,9.99990000099999e-06,1.0040019960883641e-05,True,True,4.998265423755441
SDC1,1.0,"[1408, 2199, 2356, 2968]",1.0,9.99990000099999e-06,1.0040019960883641e-05,True,True,4.998265423755441
SEC16A,1.0,"[620, 3511, 3956, 4046]",1.0,9.99990000099999e-06,1.0040019960883641e-05,True,True,4.998265423755441
SEC22A,1.0,"[522, 685, 3765, 3818]",1.0,9.99990000099999e-06,1.0040019960883641e-05,True,True,4.998265423755441
SEC22C,1.0,"[746, 1257, 3836, 4001]",1.0,9.99990000099999e-06,1.0040019960883641e-05,True,True,4.998265423755441
SEC23B,1.0,"[749, 2658, 2732, 3755]",1.0,9.99990000099999e-06,1.0040019960883641e-05,True,True,4.998265423755441
SEC23IP,0.8214285714285715,"[167, 825, 1309, 3941]",0.8209637330053492,9.99990000099999e-06,1.0040019960883641e-05,True,True,4.998265423755441
SEC24A,1.0,"[3215, 3298, 3609, 3872]",1.0,9.99990000099999e-06,1.0040019960883641e-05,True,True,4.998265423755441
SEC61A1,1.0,"[176, 912, 2187, 2672]",1.0,9.99990000099999e-06,1.0040019960883641e-05,True,True,4.998265423755441
SEC61B,0.6559333689431284,"[583, 2372, 3552, 4193]",0.6550377307576506,9.99990000099999e-06,1.0040019960883641e-05,True,True,4.998265423755441
SEC61G,0.9791666666666666,"[596, 3237, 3762, 3905]",0.9791124355172907,9.99990000099999e-06,1.0040019960883641e-05,True,True,4.998265423755441
SEC63,1.0,"[127, 222, 3049, 3865]",1.0,9.99990000099999e-06,1.0040019960883641e-05,True,True,4.998265423755441
SEL1L,1.0,"[337, 879, 943, 1045]",1.0,9.99990000099999e-06,1.0040019960883641e-05,True,True,4.998265423755441
SERINC3,1.0,"[920, 1968, 3061, 3587]",1.0,9.99990000099999e-06,1.0040019960883641e-05,True,True,4.998265423755441
SETD1B,1.0,"[1556, 1915, 2734, 4026]",1.0,9.99990000099999e-06,1.0040019960883641e-05,True,True,4.998265423755441
SF3B3,1.0,"[126, 534, 681, 1535]",1.0,9.99990000099999e-06,1.0040019960883641e-05,True,True,4.998265423755441
SF3B5,1.0,"[1272, 1425, 2552, 3915]",1.0,9.99990000099999e-06,1.0040019960883641e-05,True,True,4.998265423755441
SH3GL1,1.0,"[2477, 2562, 3084, 3122]",1.0,9.99990000099999e-06,1.0040019960883641e-05,True,True,4.998265423755441
SH3KBP1,1.0,"[2151, 2895, 3019, 3883]",1.0,9.99990000099999e-06,1.0040019960883641e-05,True,True,4.998265423755441
SIGLEC14,1.0,"[422, 1488, 2479, 2885]",1.0,9.99990000099999e-06,1.0040019960883641e-05,True,True,4.998265423755441
SKA3,0.5464993249880853,"[902, 1363, 3594, 4161]",0.5453188195713496,9.99990000099999e-06,1.0040019960883641e-05,True,True,4.998265423755441
SKAP1,1.0,"[11, 961, 2398, 3027]",1.0,9.99990000099999e-06,1.0040019960883641e-05,True,True,4.998265423755441
SKP2,1.0,"[132, 1999, 3213, 3848]",1.0,9.99990000099999e-06,1.0040019960883641e-05,True,True,4.998265423755441
SLC2A1,1.0,"[1734, 2251, 3859, 4050]",1.0,9.99990000099999e-06,1.0040019960883641e-05,True,True,4.998265423755441
SLC2A8,1.0,"[457, 800, 2265, 2410]",1.0,9.99990000099999e-06,1.0040019960883641e-05,True,True,4.998265423755441
SLC4A1,1.0,"[1241, 2319, 2685, 4134]",1.0,9.99990000099999e-06,1.0040019960883641e-05,True,True,4.998265423755441
SLC5A3,0.8838383838383838,"[693, 2065, 2702, 2720]",0.8835360040964089,9.99990000099999e-06,1.0040019960883641e-05,True,True,4.998265423755441
SLC25A24,1.0,"[1567, 1679, 2953, 3424]",1.0,9.99990000099999e-06,1.0040019960883641e-05,True,True,4.998265423755441
SLC35B1,0.9023809523809524,"[217, 2660, 4125, 4199]",0.9021268407095908,9.99990000099999e-06,1.0040019960883641e-05,True,True,4.998265423755441
SLC35B2,1.0,"[1413, 2043, 2489, 3365]",1.0,9.99990000099999e-06,1.0040019960883641e-05,True,True,4.998265423755441
SLC35C1,0.7566547913413153,"[792, 1238, 1949, 3877]",0.7560213406040023,9.99990000099999e-06,1.0040019960883641e-05,True,True,4.998265423755441
SLC38A2,1.0,"[873, 1593, 2805, 3070]",1.0,9.99990000099999e-06,1.0040019960883641e-05,True,True,4.998265423755441
SLC38A6,1.0,"[926, 2083, 3239, 3442]",1.0,9.99990000099999e-06,1.0040019960883641e-05,True,True,4.998265423755441
SLC39A7,1.0,"[1321, 2526, 2920, 3435]",1.0,9.99990000099999e-06,1.0040019960883641e-05,True,True,4.998265423755441
SLC39A9,0.8285714285714285,"[1904, 2233, 3260, 3393]",0.8281251836851351,9.99990000099999e-06,1.0040019960883641e-05,True,True,4.998265423755441
SLU7,1.0,"[283, 2147, 3610, 4183]",1.0,9.99990000099999e-06,1.0040019960883641e-05,True,True,4.998265423755441
SMARCC1,1.0,"[1024, 3400, 3789, 3964]",1.0,9.99990000099999e-06,1.0040019960883641e-05,True,True,4.998265423755441
SMARCD1,0.8396915584415584,"[1745, 2144, 2326, 4204]",0.8392742603116201,9.99990000099999e-06,1.0040019960883641e-05,True,True,4.998265423755441
SMC1A,1.0,"[661, 1989, 3059, 4112]",1.0,9.99990000099999e-06,1.0040019960883641e-05,True,True,4.998265423755441
SMC2,1.0,"[489, 1160, 3296, 3565]",1.0,9.99990000099999e-06,1.0040019960883641e-05,True,True,4.998265423755441
SMC3,1.0,"[284, 352, 3331, 3337]",1.0,9.99990000099999e-06,1.0040019960883641e-05,True,True,4.998265423755441
SMU1,1.0,"[1547, 3233, 3299, 3318]",1.0,9.99990000099999e-06,1.0040019960883641e-05,True,True,4.998265423755441
SNAPC2,1.0,"[1395, 1467, 2535, 2830]",1.0,9.99990000099999e-06,1.0040019960883641e-05,True,True,4.998265423755441
SNRNP40,1.0,"[690, 1201, 3266, 3695]",1.0,9.99990000099999e-06,1.0040019960883641e-05,True,True,4.998265423755441
SNRNP70,1.0,"[239, 2581, 2615, 3653]",1.0,9.99990000099999e-06,1.0040019960883641e-05,True,True,4.998265423755441
SNRNP200,1.0,"[2141, 2935, 3012, 3743]",1.0,9.99990000099999e-06,1.0040019960883641e-05,True,True,4.998265423755441
SNRPB2,1.0,"[250, 1432, 1514, 3242]",1.0,9.99990000099999e-06,1.0040019960883641e-05,True,True,4.998265423755441
SNRPC,0.5365038395188089,"[1331, 2418, 2838, 2952]",0.5352973149021258,9.99990000099999e-06,1.0040019960883641e-05,True,True,4.998265423755441
SNRPD1,0.7019345238095238,"[122, 1411, 3018, 3501]",0.7011586310080952,9.99990000099999e-06,1.0040019960883641e-05,True,True,4.998265423755441
SNRPD2,0.9,"[392, 2622, 3829, 3943]",0.8997396904829955,9.99990000099999e-06,1.0040019960883641e-05,True,True,4.998265423755441
SNRPD3,1.0,"[53, 312, 1292, 2027]",1.0,9.99990000099999e-06,1.0040019960883641e-05,True,True,4.998265423755441
SNRPG,0.7691558441558441,"[1487, 1533, 3961, 3992]",0.768554934848733,9.99990000099999e-06,1.0040019960883641e-05,True,True,4.998265423755441
SNX32,1.0,"[611, 2893, 2999, 3220]",1.0,9.99990000099999e-06,1.0040019960883641e-05,True,True,4.998265423755441
SOCS1,0.8065838509316771,"[204, 774, 1865, 3793]",0.8060803702882285,9.99990000099999e-06,1.0040019960883641e-05,True,True,4.998265423755441
SON,1.0,"[252, 2560, 2817, 3011]",1.0,9.99990000099999e-06,1.0040019960883641e-05,True,True,4.998265423755441
SPATA31A3,0.3151713826713396,"[646, 750, 1607, 2006]",0.3133887086052627,0.0006999930000699993,0.0007013943874575269,True,True,3.1540377136555113
SPATA31A5,0.5054368946501931,"[415, 1084, 1397, 3082]",0.5041494998193745,9.99990000099999e-06,1.0040019960883641e-05,True,True,4.998265423755441
SPCS2,0.861904761904762,"[104, 1754, 2764, 2787]",0.86154528685747,9.99990000099999e-06,1.0040019960883641e-05,True,True,4.998265423755441
SPCS3,1.0,"[129, 2408, 2996, 3595]",1.0,9.99990000099999e-06,1.0040019960883641e-05,True,True,4.998265423755441
SPEN,1.0,"[306, 2391, 3231, 3647]",1.0,9.99990000099999e-06,1.0040019960883641e-05,True,True,4.998265423755441
SPHK2,1.0,"[773, 1919, 3449, 4104]",1.0,9.99990000099999e-06,1.0040019960883641e-05,True,True,4.998265423755441
SPRR2A,1.0,"[2030, 2835, 2868, 3861]",1.0,9.99990000099999e-06,1.0040019960883641e-05,True,True,4.998265423755441
SPRR2B,1.0,"[1332, 1407, 2704, 2753]",1.0,9.99990000099999e-06,1.0040019960883641e-05,True,True,4.998265423755441
SRP19,0.9208333333333333,"[1336, 1526, 3269, 3646]",0.9206272549657047,9.99990000099999e-06,1.0040019960883641e-05,True,True,4.998265423755441
SRP54,1.0,"[88, 177, 1757, 4037]",1.0,9.99990000099999e-06,1.0040019960883641e-05,True,True,4.998265423755441
SRP68,0.9583333333333334,"[2327, 2834, 3951, 4190]",0.9582248710345814,9.99990000099999e-06,1.0040019960883641e-05,True,True,4.998265423755441
SRP72,0.8792892156862745,"[2337, 2514, 2538, 3800]",0.8789749940266551,9.99990000099999e-06,1.0040019960883641e-05,True,True,4.998265423755441
SRPRA,1.0,"[694, 1298, 3086, 3417]",1.0,9.99990000099999e-06,1.0040019960883641e-05,True,True,4.998265423755441
SRPRB,0.9791666666666666,"[708, 1095, 2743, 3450]",0.9791124355172907,9.99990000099999e-06,1.0040019960883641e-05,True,True,4.998265423755441
SRSF3,1.0,"[1123, 2465, 3020, 3542]",1.0,9.99990000099999e-06,1.0040019960883641e-05,True,True,4.998265423755441
SRSF7,1.0,"[193, 244, 782, 1933]",1.0,9.99990000099999e-06,1.0040019960883641e-05,True,True,4.998265423755441
SRSF8,1.0,"[851, 2054, 2602, 3579]",1.0,9.99990000099999e-06,1.0040019960883641e-05,True,True,4.998265423755441
SSBP3,1.0,"[2486, 2985, 3310, 3583]",1.0,9.99990000099999e-06,1.0040019960883641e-05,True,True,4.998265423755441
SSX2IP,1.0,"[1761, 2636, 3040, 3495]",1.0,9.99990000099999e-06,1.0040019960883641e-05,True,True,4.998265423755441
STAT5B,1.0,"[1370, 3146, 3193, 3256]",1.0,9.99990000099999e-06,1.0040019960883641e-05,True,True,4.998265423755441
STK40,1.0,"[313, 1654, 1848, 3958]",1.0,9.99990000099999e-06,1.0040019960883641e-05,True,True,4.998265423755441
STMN1,0.9791666666666666,"[739, 740, 1941, 2177]",0.9791124355172907,9.99990000099999e-06,1.0040019960883641e-05,True,True,4.998265423755441
STT3A,1.0,"[323, 2684, 3308, 3478]",1.0,9.99990000099999e-06,1.0040019960883641e-05,True,True,4.998265423755441
STT3B,1.0,"[119, 1573, 3287, 3485]",1.0,9.99990000099999e-06,1.0040019960883641e-05,True,True,4.998265423755441
STX5,0.523053037658012,"[1744, 2674, 3326, 3703]",0.5218114993239719,9.99990000099999e-06,1.0040019960883641e-05,True,True,4.998265423755441
STX8,1.0,"[1058, 1364, 2031, 2376]",1.0,9.99990000099999e-06,1.0040019960883641e-05,True,True,4.998265423755441
STXBP1,1.0,"[396, 2367, 2506, 3897]",1.0,9.99990000099999e-06,1.0040019960883641e-05,True,True,4.998265423755441
STXBP3,1.0,"[274, 1245, 2150, 3319]",1.0,9.99990000099999e-06,1.0040019960883641e-05,True,True,4.998265423755441
SUV39H1,1.0,"[342, 1110, 1902, 3323]",1.0,9.99990000099999e-06,1.0040019960883641e-05,True,True,4.998265423755441
SYPL2,1.0,"[1116, 2025, 2090, 2194]",1.0,9.99990000099999e-06,1.0040019960883641e-05,True,True,4.998265423755441
SYVN1,1.0,"[1706, 2107, 3063, 3463]",1.0,9.99990000099999e-06,1.0040019960883641e-05,True,True,4.998265423755441
TAB2,1.0,"[183, 881, 2417, 2824]",1.0,9.99990000099999e-06,1.0040019960883641e-05,True,True,4.998265423755441
TAF1B,0.743554131054131,"[60, 2529, 3472, 3988]",0.7428865780513001,9.99990000099999e-06,1.0040019960883641e-05,True,True,4.998265423755441
TAF6,1.0,"[192, 2235, 2304, 2867]",1.0,9.99990000099999e-06,1.0040019960883641e-05,True,True,4.998265423755441
TAF12,1.0,"[343, 524, 1942, 3634]",1.0,9.99990000099999e-06,1.0040019960883641e-05,True,True,4.998265423755441
TARDBP,1.0,"[388, 1301, 2249, 3791]",1.0,9.99990000099999e-06,1.0040019960883641e-05,True,True,4.998265423755441
TARS,0.9305555555555556,"[1772, 2848, 3244, 4028]",0.9303747850576357,9.99990000099999e-06,1.0040019960883641e-05,True,True,4.998265423755441
TAS2R40,1.0,"[356, 1680, 1768, 4100]",1.0,9.99990000099999e-06,1.0040019960883641e-05,True,True,4.998265423755441
TBC1D3B,0.6742167312661499,"[1889, 3003, 3496, 3994]",0.6733686864128273,9.99990000099999e-06,1.0040019960883641e-05,True,True,4.998265423755441
TBC1D3G,0.8773809523809524,"[118, 1822, 3073, 3198]",0.8770617633303398,9.99990000099999e-06,1.0040019960883641e-05,True,True,4.998265423755441
TBL3,1.0,"[1750, 2568, 3314, 3692]",1.0,9.99990000099999e-06,1.0040019960883641e-05,True,True,4.998265423755441
TBP,1.0,"[476, 1529, 3228, 3454]",1.0,9.99990000099999e-06,1.0040019960883641e-05,True,True,4.998265423755441
TBPL1,1.0,"[1191, 1350, 3025, 3612]",1.0,9.99990000099999e-06,1.0040019960883641e-05,True,True,4.998265423755441
TCP1,1.0,"[113, 329, 1185, 2436]",1.0,9.99990000099999e-06,1.0040019960883641e-05,True,True,4.998265423755441
TEFM,1.0,"[1874, 2259, 2426, 3921]",1.0,9.99990000099999e-06,1.0040019960883641e-05,True,True,4.998265423755441
TELO2,0.6399364016941067,"[1599, 1742, 1901, 3363]",0.6389991218804476,9.99990000099999e-06,1.0040019960883641e-05,True,True,4.998265423755441
TERF1,1.0,"[160, 556, 3353, 3547]",1.0,9.99990000099999e-06,1.0040019960883641e-05,True,True,4.998265423755441
TERF2,1.0,"[59, 1839, 2939, 3624]",1.0,9.99990000099999e-06,1.0040019960883641e-05,True,True,4.998265423755441
TERF2IP,0.7897342995169082,"[703, 1845, 3559, 4063]",0.7891869578875546,9.99990000099999e-06,1.0040019960883641e-05,True,True,4.998265423755441
TFIP11,1.0,"[338, 1221, 1463, 2934]",1.0,9.99990000099999e-06,1.0040019960883641e-05,True,True,4.998265423755441
TGFBR1,1.0,"[677, 3016, 3221, 3234]",1.0,9.99990000099999e-06,1.0040019960883641e-05,True,True,4.998265423755441
THG1L,0.8656759906759907,"[39, 194, 954, 1224]",0.8653263324960982,9.99990000099999e-06,1.0040019960883641e-05,True,True,4.998265423755441
THOC3,1.0,"[379, 464, 3067, 3875]",1.0,9.99990000099999e-06,1.0040019960883641e-05,True,True,4.998265423755441
THOC7,1.0,"[339, 408, 1362, 3494]",1.0,9.99990000099999e-06,1.0040019960883641e-05,True,True,4.998265423755441
THRA,0.7108151873189468,"[2407, 2942, 3303, 3902]",0.7100624117298063,9.99990000099999e-06,1.0040019960883641e-05,True,True,4.998265423755441
TICAM1,0.5003340892171118,"[91, 864, 1057, 1695]",0.4990334112981166,9.99990000099999e-06,1.0040019960883641e-05,True,True,4.998265423755441
TIMELESS,1.0,"[2451, 2654, 3137, 4033]",1.0,9.99990000099999e-06,1.0040019960883641e-05,True,True,4.998265423755441
TIMM17B,1.0,"[180, 890, 1300, 1780]",1.0,9.99990000099999e-06,1.0040019960883641e-05,True,True,4.998265423755441
TIMM23,1.0,"[369, 402, 1037, 3227]",1.0,9.99990000099999e-06,1.0040019960883641e-05,True,True,4.998265423755441
TIMM44,1.0,"[265, 437, 896, 1029]",1.0,9.99990000099999e-06,1.0040019960883641e-05,True,True,4.998265423755441
TIPARP,1.0,"[2191, 2454, 3839, 4056]",1.0,9.99990000099999e-06,1.0040019960883641e-05,True,True,4.998265423755441
TIPIN,0.9666666666666667,"[1161, 2189, 2198, 3301]",0.9665798968276652,9.99990000099999e-06,1.0040019960883641e-05,True,True,4.998265423755441
TLR2,1.0,"[64, 2126, 3316, 3720]",1.0,9.99990000099999e-06,1.0040019960883641e-05,True,True,4.998265423755441
TLR3,1.0,"[428, 1531, 2416, 2726]",1.0,9.99990000099999e-06,1.0040019960883641e-05,True,True,4.998265423755441
TM2D2,1.0,"[496, 1510, 3183, 3342]",1.0,9.99990000099999e-06,1.0040019960883641e-05,True,True,4.998265423755441
TM7SF3,1.0,"[341, 1352, 2650, 3243]",1.0,9.99990000099999e-06,1.0040019960883641e-05,True,True,4.998265423755441
TMA16,0.9315476190476191,"[686, 843, 2258, 3292]",0.9313694309853838,9.99990000099999e-06,1.0040019960883641e-05,True,True,4.998265423755441
TMED2,1.0,"[100, 1136, 2433, 2441]",1.0,9.99990000099999e-06,1.0040019960883641e-05,True,True,4.998265423755441
TMED4,1.0,"[602, 1560, 2701, 3104]",1.0,9.99990000099999e-06,1.0040019960883641e-05,True,True,4.998265423755441
TMED10,0.9791666666666666,"[1770, 2309, 2336, 3498]",0.9791124355172907,9.99990000099999e-06,1.0040019960883641e-05,True,True,4.998265423755441
TMEM63B,1.0,"[2202, 2307, 2880, 3169]",1.0,9.99990000099999e-06,1.0040019960883641e-05,True,True,4.998265423755441
TMEM167A,0.8194444444444444,"[1260, 2063, 3328, 3548]",0.818974441149853,9.99990000099999e-06,1.0040019960883641e-05,True,True,4.998265423755441
TMOD4,0.9791666666666666,"[96, 598, 2354, 3666]",0.9791124355172907,9.99990000099999e-06,1.0040019960883641e-05,True,True,4.998265423755441
TMX2,1.0,"[1878, 2733, 3249, 3467]",1.0,9.99990000099999e-06,1.0040019960883641e-05,True,True,4.998265423755441
TNFRSF1A,0.8399621212121212,"[642, 2254, 2299, 3138]",0.8395455273828243,9.99990000099999e-06,1.0040019960883641e-05,True,True,4.998265423755441
TNRC6A,1.0,"[559, 1105, 2947, 3403]",1.0,9.99990000099999e-06,1.0040019960883641e-05,True,True,4.998265423755441
TOMM20,1.0,"[1461, 2076, 2765, 4067]",1.0,9.99990000099999e-06,1.0040019960883641e-05,True,True,4.998265423755441
TONSL,0.34666588148447874,"[605, 1569, 1724, 3708]",0.3449651905961453,9.99990000099999e-06,1.0040019960883641e-05,True,True,4.998265423755441
TOR2A,0.9791666666666666,"[1179, 2937, 2960, 3648]",0.9791124355172907,9.99990000099999e-06,1.0040019960883641e-05,True,True,4.998265423755441
TPT1,1.0,"[653, 3116, 3927, 4172]",1.0,9.99990000099999e-06,1.0040019960883641e-05,True,True,4.998265423755441
TRAPPC2L,0.5228029959566824,"[1382, 2087, 2909, 2979]",0.5215608067402974,9.99990000099999e-06,1.0040019960883641e-05,True,True,4.998265423755441
TRAPPC4,0.9479166666666666,"[1962, 3263, 3391, 3521]",0.9477810887932268,9.99990000099999e-06,1.0040019960883641e-05,True,True,4.998265423755441
TRAPPC11,1.0,"[1142, 2000, 4018, 4049]",1.0,9.99990000099999e-06,1.0040019960883641e-05,True,True,4.998265423755441
TRIM33,1.0,"[1953, 2653, 3177, 3230]",1.0,9.99990000099999e-06,1.0040019960883641e-05,True,True,4.998265423755441
TRIM43,0.7132213608957795,"[262, 358, 3102, 4198]",0.7124748488054552,9.99990000099999e-06,1.0040019960883641e-05,True,True,4.998265423755441
TRPC1,1.0,"[38, 2351, 2811, 3630]",1.0,9.99990000099999e-06,1.0040019960883641e-05,True,True,4.998265423755441
TSC1,1.0,"[3087, 3110, 3133, 3684]",1.0,9.99990000099999e-06,1.0040019960883641e-05,True,True,4.998265423755441
TSC2,1.0,"[885, 1718, 2158, 3553]",1.0,9.99990000099999e-06,1.0040019960883641e-05,True,True,4.998265423755441
TSEN2,1.0,"[1111, 1473, 2298, 3676]",1.0,9.99990000099999e-06,1.0040019960883641e-05,True,True,4.998265423755441
TSPAN31,0.9666666666666667,"[2125, 2813, 2929, 3792]",0.9665798968276652,9.99990000099999e-06,1.0040019960883641e-05,True,True,4.998265423755441
TSR1,1.0,"[110, 919, 1041, 3004]",1.0,9.99990000099999e-06,1.0040019960883641e-05,True,True,4.998265423755441
TSR2,1.0,"[1278, 1446, 1751, 2340]",1.0,9.99990000099999e-06,1.0040019960883641e-05,True,True,4.998265423755441
TTI1,1.0,"[36, 1524, 2896, 4178]",1.0,9.99990000099999e-06,1.0040019960883641e-05,True,True,4.998265423755441
TTI2,1.0,"[316, 2022, 2427, 3864]",1.0,9.99990000099999e-06,1.0040019960883641e-05,True,True,4.998265423755441
TTN,1.0,"[578, 643, 3033, 3093]",1.0,9.99990000099999e-06,1.0040019960883641e-05,True,True,4.998265423755441
TUBA1A,1.0,"[842, 2061, 3284, 4020]",1.0,9.99990000099999e-06,1.0040019960883641e-05,True,True,4.998265423755441
TUBB8,0.5560816498316499,"[1264, 1630, 3163, 3607]",0.5549260881184322,9.99990000099999e-06,1.0040019960883641e-05,True,True,4.998265423755441
TUBGCP6,0.8839285714285715,"[429, 2268, 3856, 3929]",0.883626426453477,9.99990000099999e-06,1.0040019960883641e-05,True,True,4.998265423755441
TWF1,1.0,"[99, 340, 549, 1992]",1.0,9.99990000099999e-06,1.0040019960883641e-05,True,True,4.998265423755441
TWSG1,1.0,"[1595, 2779, 3499, 4069]",1.0,9.99990000099999e-06,1.0040019960883641e-05,True,True,4.998265423755441
TYK2,1.0,"[213, 1401, 3674, 4126]",1.0,9.99990000099999e-06,1.0040019960883641e-05,True,True,4.998265423755441
UBA52,0.9791666666666666,"[697, 2050, 2604, 3869]",0.9791124355172907,9.99990000099999e-06,1.0040019960883641e-05,True,True,4.998265423755441
UBAP2L,1.0,"[198, 405, 2471, 3604]",1.0,9.99990000099999e-06,1.0040019960883641e-05,True,True,4.998265423755441
UBC,1.0,"[453, 2278, 3254, 3888]",1.0,9.99990000099999e-06,1.0040019960883641e-05,True,True,4.998265423755441
UBE2D3,1.0,"[241, 297, 546, 2881]",1.0,9.99990000099999e-06,1.0040019960883641e-05,True,True,4.998265423755441
UBE2M,1.0,"[655, 2368, 2606, 3438]",1.0,9.99990000099999e-06,1.0040019960883641e-05,True,True,4.998265423755441
UBE2N,1.0,"[955, 1758, 2068, 4087]",1.0,9.99990000099999e-06,1.0040019960883641e-05,True,True,4.998265423755441
UBN1,1.0,"[7, 1343, 1586, 2387]",1.0,9.99990000099999e-06,1.0040019960883641e-05,True,True,4.998265423755441
UBR4,1.0,"[2188, 2364, 2731, 3989]",1.0,9.99990000099999e-06,1.0040019960883641e-05,True,True,4.998265423755441
UFL1,1.0,"[901, 1940, 2223, 2380]",1.0,9.99990000099999e-06,1.0040019960883641e-05,True,True,4.998265423755441
UFM1,1.0,"[117, 296, 319, 2127]",1.0,9.99990000099999e-06,1.0040019960883641e-05,True,True,4.998265423755441
UFSP2,1.0,"[963, 997, 2561, 3475]",1.0,9.99990000099999e-06,1.0040019960883641e-05,True,True,4.998265423755441
UGT3A2,1.0,"[33, 1156, 1356, 2132]",1.0,9.99990000099999e-06,1.0040019960883641e-05,True,True,4.998265423755441
UHRF1,1.0,"[310, 425, 1914, 3804]",1.0,9.99990000099999e-06,1.0040019960883641e-05,True,True,4.998265423755441
UQCC2,0.6951953469256321,"[1285, 1580, 3573, 4034]",0.694401911405407,9.99990000099999e-06,1.0040019960883641e-05,True,True,4.998265423755441
URB2,1.0,"[168, 1624, 2393, 2554]",1.0,9.99990000099999e-06,1.0040019960883641e-05,True,True,4.998265423755441
URM1,1.0,"[858, 2984, 3809, 4052]",1.0,9.99990000099999e-06,1.0040019960883641e-05,True,True,4.998265423755441
USH1G,1.0,"[1328, 2619, 2850, 2900]",1.0,9.99990000099999e-06,1.0040019960883641e-05,True,True,4.998265423755441
USP10,1.0,"[290, 520, 1429, 3119]",1.0,9.99990000099999e-06,1.0040019960883641e-05,True,True,4.998265423755441
USP14,1.0,"[2594, 3290, 3457, 3492]",1.0,9.99990000099999e-06,1.0040019960883641e-05,True,True,4.998265423755441
USP17L5,1.0,"[2519, 2556, 2600, 3160]",1.0,9.99990000099999e-06,1.0040019960883641e-05,True,True,4.998265423755441
USP17L12,0.3824840549248699,"[1759, 2361, 2520, 3295]",0.380876602150819,9.99990000099999e-06,1.0040019960883641e-05,True,True,4.998265423755441
USP18,0.8472222222222222,"[145, 1049, 2458, 3469]",0.8468245271267987,9.99990000099999e-06,1.0040019960883641e-05,True,True,4.998265423755441
USP36,1.0,"[1415, 1518, 2312, 2869]",1.0,9.99990000099999e-06,1.0040019960883641e-05,True,True,4.998265423755441
USP39,0.9479166666666666,"[503, 526, 801, 2161]",0.9477810887932268,9.99990000099999e-06,1.0040019960883641e-05,True,True,4.998265423755441
UTP14A,1.0,"[1498, 1782, 2357, 3620]",1.0,9.99990000099999e-06,1.0040019960883641e-05,True,True,4.998265423755441
VAMP2,1.0,"[1283, 1681, 3180, 3766]",1.0,9.99990000099999e-06,1.0040019960883641e-05,True,True,4.998265423755441
VAMP4,0.9583333333333334,"[1414, 1474, 2060, 2958]",0.9582248710345814,9.99990000099999e-06,1.0040019960883641e-05,True,True,4.998265423755441
VARS2,1.0,"[1090, 1399, 3348, 4065]",1.0,9.99990000099999e-06,1.0040019960883641e-05,True,True,4.998265423755441
VMP1,1.0,"[273, 1093, 2453, 3350]",1.0,9.99990000099999e-06,1.0040019960883641e-05,True,True,4.998265423755441
VPS25,0.8576023391812866,"[2473, 2994, 3279, 3955]",0.8572316645181837,9.99990000099999e-06,1.0040019960883641e-05,True,True,4.998265423755441
VPS26A,1.0,"[97, 3222, 4048, 4088]",1.0,9.99990000099999e-06,1.0040019960883641e-05,True,True,4.998265423755441
VPS29,1.0,"[980, 2752, 2819, 4024]",1.0,9.99990000099999e-06,1.0040019960883641e-05,True,True,4.998265423755441
VTI1A,1.0,"[639, 1152, 2394, 3294]",1.0,9.99990000099999e-06,1.0040019960883641e-05,True,True,4.998265423755441
VTI1B,1.0,"[54, 165, 1484, 3052]",1.0,9.99990000099999e-06,1.0040019960883641e-05,True,True,4.998265423755441
VWA7,1.0,"[1303, 3064, 3196, 4116]",1.0,9.99990000099999e-06,1.0040019960883641e-05,True,True,4.998265423755441
WASL,1.0,"[1053, 1804, 4131, 4170]",1.0,9.99990000099999e-06,1.0040019960883641e-05,True,True,4.998265423755441
WBP4,1.0,"[3042, 3317, 3782, 4070]",1.0,9.99990000099999e-06,1.0040019960883641e-05,True,True,4.998265423755441
WDR12,1.0,"[485, 2001, 2638, 3706]",1.0,9.99990000099999e-06,1.0040019960883641e-05,True,True,4.998265423755441
WDR36,0.5042582382500597,"[1068, 2300, 2936, 3205]",0.5029677752644587,9.99990000099999e-06,1.0040019960883641e-05,True,True,4.998265423755441
WDR73,1.0,"[35, 230, 286, 627]",1.0,9.99990000099999e-06,1.0040019960883641e-05,True,True,4.998265423755441
WRB,1.0,"[456, 1981, 2478, 3089]",1.0,9.99990000099999e-06,1.0040019960883641e-05,True,True,4.998265423755441
XAB2,1.0,"[1648, 2143, 2873, 3618]",1.0,9.99990000099999e-06,1.0040019960883641e-05,True,True,4.998265423755441
XPO1,1.0,"[2091, 3156, 3362, 3429]",1.0,9.99990000099999e-06,1.0040019960883641e-05,True,True,4.998265423755441
XPR1,1.0,"[1645, 2951, 3111, 3464]",1.0,9.99990000099999e-06,1.0040019960883641e-05,True,True,4.998265423755441
XRN1,1.0,"[648, 918, 2449, 3278]",1.0,9.99990000099999e-06,1.0040019960883641e-05,True,True,4.998265423755441
YAE1,1.0,"[65, 1385, 3714, 3983]",1.0,9.99990000099999e-06,1.0040019960883641e-05,True,True,4.998265423755441
YIPF5,1.0,"[990, 1365, 2502, 2872]",1.0,9.99990000099999e-06,1.0040019960883641e-05,True,True,4.998265423755441
ZBED2,0.7646083702298123,"[344, 480, 501, 1149]",0.7639956234152885,9.99990000099999e-06,1.0040019960883641e-05,True,True,4.998265423755441
ZBTB7B,1.0,"[665, 1635, 3124, 3536]",1.0,9.99990000099999e-06,1.0040019960883641e-05,True,True,4.998265423755441
ZBTB39,1.0,"[3030, 3206, 3528, 3723]",1.0,9.99990000099999e-06,1.0040019960883641e-05,True,True,4.998265423755441
ZC3H4,1.0,"[1065, 1251, 1793, 3021]",1.0,9.99990000099999e-06,1.0040019960883641e-05,True,True,4.998265423755441
ZCCHC9,0.5521602877911289,"[267, 995, 2113, 3161]",0.5509945183993237,9.99990000099999e-06,1.0040019960883641e-05,True,True,4.998265423755441
ZFP69B,1.0,"[2403, 3441, 3581, 3837]",1.0,9.99990000099999e-06,1.0040019960883641e-05,True,True,4.998265423755441
ZFR,1.0,"[588, 1998, 2842, 3763]",1.0,9.99990000099999e-06,1.0040019960883641e-05,True,True,4.998265423755441
ZMYM3,1.0,"[766, 2108, 3505, 3689]",1.0,9.99990000099999e-06,1.0040019960883641e-05,True,True,4.998265423755441
ZNF131,1.0,"[985, 1137, 2174, 4038]",1.0,9.99990000099999e-06,1.0040019960883641e-05,True,True,4.998265423755441
ZNF219,1.0,"[786, 1851, 3315, 3613]",1.0,9.99990000099999e-06,1.0040019960883641e-05,True,True,4.998265423755441
ZNF496,0.9791666666666666,"[378, 607, 2053, 2688]",0.9791124355172907,9.99990000099999e-06,1.0040019960883641e-05,True,True,4.998265423755441
ZNF574,1.0,"[365, 811, 1559, 3952]",1.0,9.99990000099999e-06,1.0040019960883641e-05,True,True,4.998265423755441
ZNF593,0.6961522681047667,"[399, 1055, 3155, 3200]",0.6953613235414411,9.99990000099999e-06,1.0040019960883641e-05,True,True,4.998265423755441
ZNF638,1.0,"[519, 3382, 3473, 3635]",1.0,9.99990000099999e-06,1.0040019960883641e-05,True,True,4.998265423755441
ZNF704,0.8343253968253967,"[363, 461, 1256, 2555]",0.8338941300660738,9.99990000099999e-06,1.0040019960883641e-05,True,True,4.998265423755441
ZNRD1,1.0,"[469, 743, 2878, 2919]",1.0,9.99990000099999e-06,1.0040019960883641e-05,True,True,4.998265423755441
ZRSR2,1.0,"[355, 907, 3700, 4059]",1.0,9.99990000099999e-06,1.0040019960883641e-05,True,True,4.998265423755441
ZZZ3,1.0,"[325, 644, 2499, 3428]",1.0,9.99990000099999e-06,1.0040019960883641e-05,True,True,4.998265423755441
