perturbation,mean_average_precision,indices,mean_normalized_average_precision,p_value,corrected_p_value,below_p,below_corrected_p,-log10(p-value)
AACS,0.004974771141312389,"[634, 1294, 1458, 2099]",0.0023846257739973033,0.06739932600673994,0.0686334947433842,False,False,1.1634638867406015
AARS,1.0,"[1522, 2785, 3448, 4132]",1.0,9.99990000099999e-06,1.6823361178152925e-05,True,True,4.774087231172335
AATF,0.18153819883354116,"[24, 787, 2164, 2219]",0.1794076648720583,0.0007199928000719992,0.0009558525104404128,True,True,3.0196091148822912
ABCE1,1.0,"[911, 1276, 1512, 4162]",1.0,9.99990000099999e-06,1.6823361178152925e-05,True,True,4.774087231172335
ABHD10,0.01664267438095763,"[3276, 3305, 3480, 3761]",0.014082901676210222,0.015909840901590984,0.01678161300578775,True,True,1.7751662982244971
ABHD16A,0.32475258147261377,"[1023, 1590, 1954, 2352]",0.32299484817885965,0.0006999930000699993,0.0009558525104404128,True,True,3.0196091148822912
ACSL4,0.4388076006973605,"[210, 421, 2532, 3175]",0.4373467634732698,9.99990000099999e-06,1.6823361178152925e-05,True,True,4.774087231172335
ACSS2,0.47434087651478957,"[1388, 1428, 2542, 2729]",0.47297253578935505,9.99990000099999e-06,1.6823361178152925e-05,True,True,4.774087231172335
ACTR3,0.7555555555555555,"[406, 1134, 1601, 3985]",0.7549192434028779,9.99990000099999e-06,1.6823361178152925e-05,True,True,4.774087231172335
ADAMTS4,0.19567632022855258,"[724, 818, 1436, 1552]",0.19358258914258658,0.0007199928000719992,0.0009558525104404128,True,True,3.0196091148822912
ADAMTS18,0.012898010055313497,"[793, 1647, 3113, 3401]",0.01032848963294656,0.021299787002129977,0.022325745328934145,True,True,1.6511940335887945
ADAT3,0.25633595897045364,"[40, 1794, 2513, 2715]",0.2544001306971134,0.0006999930000699993,0.0009558525104404128,True,True,3.0196091148822912
ADRA2C,0.10530529460199356,"[303, 1107, 1922, 3911]",0.10297631913570708,0.0023499765002349977,0.002775366677887745,True,True,2.556679630320361
ADRB2,0.04883484526050544,"[998, 1348, 1646, 2884]",0.04635887184028784,0.004819951800481995,0.005366820636576727,True,True,2.270282918938165
ADRM1,1.0,"[1317, 1540, 1833, 2717]",1.0,9.99990000099999e-06,1.6823361178152925e-05,True,True,4.774087231172335
ADSS,0.23342192993957123,"[282, 1386, 3202, 4196]",0.2314264542679344,0.0006999930000699993,0.0009558525104404128,True,True,3.0196091148822912
AGAP4,0.409292328042328,"[1316, 2534, 2997, 3148]",0.4077546597545464,9.99990000099999e-06,1.6823361178152925e-05,True,True,4.774087231172335
AGAP9,0.3611111111111111,"[1479, 2975, 3250, 3251]",0.35944802253024893,9.99990000099999e-06,1.6823361178152925e-05,True,True,4.774087231172335
AHCYL1,0.7381161236424394,"[500, 2443, 3660, 3697]",0.7374344149887804,9.99990000099999e-06,1.6823361178152925e-05,True,True,4.774087231172335
AKR1C3,0.013467192390907327,"[242, 572, 2809, 2938]",0.010899153604329049,0.02016979830201698,0.021163488574757857,True,True,1.6744127419351156
ALAS1,0.1546873084726868,"[331, 3345, 3557, 3896]",0.1524868790881942,0.0015299847001529984,0.0018921152251892114,True,True,2.7230524196572112
ALG12,0.005862980245432851,"[417, 433, 1339, 2599]",0.0032751469709466907,0.05464945350546495,0.055934665602219234,False,False,1.2523189539456656
ALKBH8,0.0024392393995261497,"[37, 984, 2228, 3455]",-0.0001575061982194764,0.16962830371696283,0.1706511879604822,False,False,0.7678906841044377
ALYREF,0.4419980131921203,"[2591, 2610, 2703, 4167]",0.44054548091538515,9.99990000099999e-06,1.6823361178152925e-05,True,True,4.774087231172335
AMIGO3,0.33072427643831004,"[431, 1799, 1978, 2663]",0.32898208803487816,0.0006999930000699993,0.0009558525104404128,True,True,3.0196091148822912
AMMECR1,0.4242789704097949,"[439, 617, 1306, 2964]",0.4227803137783752,9.99990000099999e-06,1.6823361178152925e-05,True,True,4.774087231172335
ANP32B,0.527312659401527,"[517, 676, 714, 1587]",0.5260822092682736,9.99990000099999e-06,1.6823361178152925e-05,True,True,4.774087231172335
AP1M1,1.0,"[197, 1664, 2058, 3092]",1.0,9.99990000099999e-06,1.6823361178152925e-05,True,True,4.774087231172335
AP1S1,0.024956195925329907,"[600, 2094, 2438, 3456]",0.022418064108360718,0.01006989930100699,0.010827034586796989,True,True,1.9654904758715104
AP2A1,0.7791666666666667,"[488, 796, 1854, 3895]",0.7785918164832817,9.99990000099999e-06,1.6823361178152925e-05,True,True,4.774087231172335
AP2M1,1.0,"[72, 563, 2074, 2301]",1.0,9.99990000099999e-06,1.6823361178152925e-05,True,True,4.774087231172335
AP2S1,0.6458373289860632,"[1007, 1209, 2845, 3705]",0.6449154098477365,9.99990000099999e-06,1.6823361178152925e-05,True,True,4.774087231172335
AP3M1,0.3255597967329704,"[1043, 1126, 3373, 3928]",0.3238041646973618,0.0006999930000699993,0.0009558525104404128,True,True,3.0196091148822912
AP3M2,0.12084319856186933,"[1380, 3729, 3954, 4096]",0.11855466973833342,0.0015499845001549985,0.0018921152251892114,True,True,2.7230524196572112
AP3S1,0.2940723879021073,"[2112, 2445, 3412, 3977]",0.2922347911446538,0.0006999930000699993,0.0009558525104404128,True,True,3.0196091148822912
APC,0.5336708466727289,"[784, 3007, 3421, 3623]",0.5324569475060514,9.99990000099999e-06,1.6823361178152925e-05,True,True,4.774087231172335
AQP7,0.017819965611538726,"[309, 652, 2263, 3199]",0.015263257507907378,0.014859851401485985,0.015740435188240712,True,True,1.8029832645284922
ARGLU1,1.0,"[430, 1460, 1633, 1683]",1.0,9.99990000099999e-06,1.6823361178152925e-05,True,True,4.774087231172335
ARHGAP22,0.6482142857142857,"[200, 754, 2255, 3728]",0.6472985540205377,9.99990000099999e-06,1.6823361178152925e-05,True,True,4.774087231172335
ARHGEF9,0.29365073923406976,"[1980, 2907, 3151, 3190]",0.291812044885005,0.0006999930000699993,0.0009558525104404128,True,True,3.0196091148822912
ARID5B,0.09638269255413381,"[350, 788, 1219, 2647]",0.0940304907055523,0.0023599764002359977,0.002775366677887745,True,True,2.556679630320361
ARL2,0.45466499540601335,"[109, 1459, 2442, 3197]",0.45324543648949817,9.99990000099999e-06,1.6823361178152925e-05,True,True,4.774087231172335
ARNT2,0.08935614253979825,"[1252, 1568, 2816, 3074]",0.08698564991281234,0.0023899761002389975,0.002775366677887745,True,True,2.556679630320361
ARPC2,0.5845328282828283,"[207, 299, 897, 2973]",0.583451327694819,9.99990000099999e-06,1.6823361178152925e-05,True,True,4.774087231172335
ARPC3,0.6374985374985376,"[1169, 2401, 3224, 4154]",0.6365549116923657,9.99990000099999e-06,1.6823361178152925e-05,True,True,4.774087231172335
ARPC4,0.5466117216117217,"[2569, 3168, 3376, 4082]",0.545431508774094,9.99990000099999e-06,1.6823361178152925e-05,True,True,4.774087231172335
ARPP19,0.2724581380961382,"[169, 1315, 1711, 3753]",0.27056427738941063,0.0006999930000699993,0.0009558525104404128,True,True,3.0196091148822912
ASCC3,0.11267300748793659,"[1549, 2084, 3643, 3670]",0.11036321087947777,0.0017899821001789982,0.0021613655998542545,True,True,2.6652717650141664
ASF1B,0.4490098126894081,"[1001, 1202, 2374, 3822]",0.4475755327940777,9.99990000099999e-06,1.6823361178152925e-05,True,True,4.774087231172335
ASNA1,0.5875250529770902,"[1335, 1823, 1993, 2593]",0.5864513414347302,9.99990000099999e-06,1.6823361178152925e-05,True,True,4.774087231172335
ASNS,1.0,"[106, 1963, 4077, 4138]",1.0,9.99990000099999e-06,1.6823361178152925e-05,True,True,4.774087231172335
ATAD3A,0.500990901096569,"[1670, 2195, 2601, 3934]",0.49969193292140485,9.99990000099999e-06,1.6823361178152925e-05,True,True,4.774087231172335
ATF6,0.08279297985159684,"[2215, 3718, 4136, 4189]",0.08040540268751706,0.003109968900310997,0.0035864963931005857,True,True,2.44532960159344
ATG9A,1.0,"[1685, 2085, 3418, 4111]",1.0,9.99990000099999e-06,1.6823361178152925e-05,True,True,4.774087231172335
ATIC,0.01858852037387237,"[308, 909, 2474, 3673]",0.016033812891430767,0.014149858501414985,0.015020157327588973,True,True,1.823325518320805
ATP5F1B,1.0,"[2015, 2476, 2989, 3214]",1.0,9.99990000099999e-06,1.6823361178152925e-05,True,True,4.774087231172335
ATP5ME,0.7529761904761905,"[82, 1792, 1876, 3050]",0.7523331639907329,9.99990000099999e-06,1.6823361178152925e-05,True,True,4.774087231172335
ATP6V0A1,0.8933333333333333,"[52, 1166, 3081, 3585]",0.8930556698485286,9.99990000099999e-06,1.6823361178152925e-05,True,True,4.774087231172335
ATP6V0A2,0.3494527052970334,"[1282, 1795, 2135, 3981]",0.34775926877630614,9.99990000099999e-06,1.6823361178152925e-05,True,True,4.774087231172335
ATP6V1B2,0.9513888888888888,"[1984, 3427, 3811, 3879]",0.9512623495403449,9.99990000099999e-06,1.6823361178152925e-05,True,True,4.774087231172335
ATP6V1H,0.33392667890032335,"[1198, 2796, 2807, 4187]",0.3321928266552729,0.0005699943000569994,0.0009415252382129644,True,True,3.0261680339375805
ATRX,0.7638453815261044,"[188, 266, 1063, 2077]",0.7632306485793712,9.99990000099999e-06,1.6823361178152925e-05,True,True,4.774087231172335
ATXN7L3,0.53155593033355,"[1322, 1462, 1959, 2714]",0.530336525838365,9.99990000099999e-06,1.6823361178152925e-05,True,True,4.774087231172335
ATXN10,0.02296449112824111,"[444, 516, 2012, 3621]",0.020421174714134464,0.011169888301116988,0.011945574988694557,True,True,1.922792941066282
AURKB,0.3405040006330551,"[1444, 2933, 3651, 3694]",0.3387872697824389,2.999970000299997e-05,5.013305459599828e-05,True,True,4.299875833113434
B3GAT3,0.096791460519633,"[1554, 1791, 1806, 4061]",0.09444032273296815,0.0023599764002359977,0.002775366677887745,True,True,2.556679630320361
B3GNT2,0.7056640827397285,"[1237, 1265, 2316, 3008]",0.7048978983351375,9.99990000099999e-06,1.6823361178152925e-05,True,True,4.774087231172335
B4GALT3,0.2545202161550896,"[839, 1974, 3002, 3817]",0.2525796613303966,0.0006999930000699993,0.0009558525104404128,True,True,3.0196091148822912
B4GALT5,0.7692498758072528,"[1091, 2101, 3321, 4072]",0.7686492112734794,9.99990000099999e-06,1.6823361178152925e-05,True,True,4.774087231172335
BEND3,0.4518184081769003,"[849, 868, 2182, 3658]",0.4503914393229179,9.99990000099999e-06,1.6823361178152925e-05,True,True,4.774087231172335
BEND6,0.37072514006087537,"[372, 2598, 3686, 3724]",0.369087077712337,9.99990000099999e-06,1.6823361178152925e-05,True,True,4.774087231172335
BET1,0.11660073072297046,"[495, 2362, 4045, 4151]",0.11430115835189404,0.0015799842001579985,0.0019193740101433937,True,True,2.716840390186479
BLOC1S2,0.07799349318230256,"[974, 1509, 1856, 2330]",0.07559342249765524,0.0031299687003129967,0.0035971282078223993,True,True,2.4440440829050005
BLOC1S6,0.3754082105730985,"[458, 1803, 2527, 3252]",0.3737823387027915,9.99990000099999e-06,1.6823361178152925e-05,True,True,4.774087231172335
BMS1,1.0,"[55, 248, 934, 3223]",1.0,9.99990000099999e-06,1.6823361178152925e-05,True,True,4.774087231172335
BORCS7,0.4091188694107454,"[827, 1883, 2170, 3009]",0.4075807495936377,9.99990000099999e-06,1.6823361178152925e-05,True,True,4.774087231172335
BORCS8,0.3383688406209506,"[710, 1327, 1571, 1741]",0.33664655174561964,4.999950000499995e-05,8.313870349668597e-05,True,True,4.080196752365591
BRCA1,0.2537995389633739,"[174, 569, 2874, 3889]",0.251857108147364,0.0006999930000699993,0.0009558525104404128,True,True,3.0196091148822912
BRD8,0.680901951795685,"[776, 2392, 3238, 3866]",0.6800713092076336,9.99990000099999e-06,1.6823361178152925e-05,True,True,4.774087231172335
BRD9,0.7958333333333333,"[624, 649, 2106, 3343]",0.7953018680694491,9.99990000099999e-06,1.6823361178152925e-05,True,True,4.774087231172335
BRK1,1.0,"[2245, 2496, 2980, 3751]",1.0,9.99990000099999e-06,1.6823361178152925e-05,True,True,4.774087231172335
BTAF1,0.16070716136720484,"[1293, 2149, 2157, 2946]",0.15852240223270636,0.0015299847001529984,0.0018921152251892114,True,True,2.7230524196572112
BTBD9,0.865625,"[1088, 1361, 3537, 3853]",0.8652752090865252,9.99990000099999e-06,1.6823361178152925e-05,True,True,4.774087231172335
BTF3L4,0.33483649282897754,"[3273, 3465, 3656, 3772]",0.3331050089161704,0.0002099979000209998,0.0003480263210612927,True,True,3.458387909330998
BUB1B,1.0,"[14, 761, 874, 2501]",1.0,9.99990000099999e-06,1.6823361178152925e-05,True,True,4.774087231172335
BUD31,1.0,"[225, 636, 2669, 2799]",1.0,9.99990000099999e-06,1.6823361178152925e-05,True,True,4.774087231172335
C1D,0.1717869794714096,"[93, 1199, 3057, 3324]",0.16963106215790316,0.0007899921000789992,0.001032352600755977,True,True,2.986171943785948
C1QBP,0.21473519397522142,"[185, 1141, 2637, 3212]",0.2126910749514519,0.0006999930000699993,0.0009558525104404128,True,True,3.0196091148822912
C2orf27B,0.14813271669905897,"[619, 1743, 2315, 2828]",0.14591522508837884,0.0015299847001529984,0.0018921152251892114,True,True,2.7230524196572112
C5orf22,0.002407640039310789,"[366, 584, 2375, 3029]",-0.00018918781457678992,0.17276827231727682,0.17352166498395197,False,False,0.7606462938092524
C5orf30,0.128107645551619,"[747, 802, 3679, 4014]",0.12583802677495518,0.0015399846001539984,0.0018921152251892114,True,True,2.7230524196572112
C12orf45,0.742228835978836,"[2051, 2155, 3422, 3479]",0.7415578331067956,9.99990000099999e-06,1.6823361178152925e-05,True,True,4.774087231172335
CA5A,0.19639972720035279,"[612, 870, 1861, 2745]",0.1943078792115811,0.0007199928000719992,0.0009558525104404128,True,True,3.0196091148822912
CA7,0.06447295001203814,"[933, 2590, 3654, 3880]",0.06203768406676792,0.003879961200387996,0.004402554399652854,True,True,2.3562952690181325
CA13,0.09362528638494542,"[390, 2329, 3564, 3819]",0.09126590674568305,0.002369976300236998,0.002775366677887745,True,True,2.556679630320361
CABIN1,0.5771146456250332,"[2026, 3023, 3055, 3657]",0.576013834801577,9.99990000099999e-06,1.6823361178152925e-05,True,True,4.774087231172335
CACNA1D,0.25230204390294547,"[236, 506, 2281, 3814]",0.2503557149647766,0.0006999930000699993,0.0009558525104404128,True,True,3.0196091148822912
CACNB1,0.08773355090490641,"[187, 409, 1337, 2707]",0.08535883451747277,0.0023899761002389975,0.002775366677887745,True,True,2.556679630320361
CAD,0.10133603426897808,"[199, 1609, 2788, 3506]",0.09899672644029006,0.0023499765002349977,0.002775366677887745,True,True,2.556679630320361
CALM1,0.129720003866802,"[756, 1810, 1997, 2841]",0.1274545822122808,0.0015399846001539984,0.0018921152251892114,True,True,2.7230524196572112
CALM3,0.022246923892012837,"[346, 658, 1729, 3812]",0.01970173958209938,0.011659883401165989,0.012456289524618096,True,True,1.9046113059085688
CAPN12,0.7527777777777778,"[1318, 1537, 3602, 3852]",0.7521342348051833,9.99990000099999e-06,1.6823361178152925e-05,True,True,4.774087231172335
CAPZB,1.0,"[1412, 2768, 3117, 3247]",1.0,9.99990000099999e-06,1.6823361178152925e-05,True,True,4.774087231172335
CARS,0.39674205010620595,"[2713, 3712, 3749, 3846]",0.39517171225054604,9.99990000099999e-06,1.6823361178152925e-05,True,True,4.774087231172335
CASP3,0.001491076945144655,"[914, 1184, 2738, 3085]",-0.0011081368097063896,0.33372666273337265,0.334060389396106,False,False,0.4761750169884571
CBWD1,0.21321424900518332,"[268, 1952, 2464, 3986]",0.21116617081690842,0.0006999930000699993,0.0009558525104404128,True,True,3.0196091148822912
CBWD2,0.06377568712713139,"[573, 3918, 4011, 4139]",0.06133860614021322,0.003879961200387996,0.004402554399652854,True,True,2.3562952690181325
CBWD3,0.3731342731342731,"[718, 1194, 3120, 4128]",0.37150248198840213,9.99990000099999e-06,1.6823361178152925e-05,True,True,4.774087231172335
CCDC59,0.38299235190609937,"[595, 1746, 3726, 4074]",0.3813862222774652,9.99990000099999e-06,1.6823361178152925e-05,True,True,4.774087231172335
CCDC174,1.0,"[44, 550, 1033, 2344]",1.0,9.99990000099999e-06,1.6823361178152925e-05,True,True,4.774087231172335
CCNB1,0.9791666666666666,"[976, 1447, 3071, 3725]",0.9791124355172907,9.99990000099999e-06,1.6823361178152925e-05,True,True,4.774087231172335
CCNC,1.0,"[2104, 2271, 3627, 3969]",1.0,9.99990000099999e-06,1.6823361178152925e-05,True,True,4.774087231172335
CCND3,0.87890625,"[375, 1329, 1489, 2505]",0.8785910314442523,9.99990000099999e-06,1.6823361178152925e-05,True,True,4.774087231172335
CCNF,0.5220281815323807,"[548, 807, 2089, 2747]",0.5207839754003101,9.99990000099999e-06,1.6823361178152925e-05,True,True,4.774087231172335
CCNG1,0.4753131805201038,"[190, 733, 944, 3355]",0.4739473707945293,9.99990000099999e-06,1.6823361178152925e-05,True,True,4.774087231172335
CCNH,0.5551000551735846,"[1418, 2450, 2525, 3080]",0.5539419382760536,9.99990000099999e-06,1.6823361178152925e-05,True,True,4.774087231172335
CCR2,0.03832255496223466,"[486, 2238, 3413, 4039]",0.035819217049915524,0.006249937500624993,0.00681501899577954,True,True,2.166532929300953
CCT3,0.7487599206349206,"[863, 1120, 1918, 4197]",0.7481059187978036,9.99990000099999e-06,1.6823361178152925e-05,True,True,4.774087231172335
CCT4,0.2626809056956116,"[671, 1334, 2303, 2424]",0.2607615939224458,0.0006999930000699993,0.0009558525104404128,True,True,3.0196091148822912
CCT6A,0.488510101010101,"[479, 1403, 1457, 1913]",0.4871786441245135,9.99990000099999e-06,1.6823361178152925e-05,True,True,4.774087231172335
CCT7,0.9444444444444443,"[925, 2548, 3035]",0.944313080525755,9.99990000099999e-06,1.6823361178152925e-05,True,True,4.774087231172335
CD2BP2,0.4096249418739828,"[56, 314, 2322, 3189]",0.40808813941165983,9.99990000099999e-06,1.6823361178152925e-05,True,True,4.774087231172335
CD3EAP,0.23434758250924295,"[722, 742, 780, 2966]",0.2323545163993394,0.0006999930000699993,0.0009558525104404128,True,True,3.0196091148822912
CD4,0.017399670318388617,"[883, 1391, 2822, 4160]",0.014841868146109676,0.015149848501514985,0.016013725818391233,True,True,1.7955076116087354
CD5,0.02140997164439433,"[162, 1366, 1866, 4171]",0.018862608668127542,0.012159878401215988,0.012976586652043928,True,True,1.8868395288861342
CD9,0.03613325779600744,"[1155, 1261, 2222, 2395]",0.03362422093480911,0.0068399316006839935,0.007450241057981151,True,True,2.1278296751097807
CD164,0.13562575806977256,"[1308, 1431, 1709, 2982]",0.13337570965549259,0.0015399846001539984,0.0018921152251892114,True,True,2.7230524196572112
CDC5L,1.0,"[277, 905, 999, 2208]",1.0,9.99990000099999e-06,1.6823361178152925e-05,True,True,4.774087231172335
CDC27,0.16767984697503183,"[317, 1062, 2428, 3672]",0.16551323840476134,0.001119988800111999,0.0014484609675867067,True,True,2.8390932034564966
CDC45,0.9458333333333333,"[1274, 2048, 2163, 4169]",0.9456923323449559,9.99990000099999e-06,1.6823361178152925e-05,True,True,4.774087231172335
CDH15,0.007565824985744158,"[1610, 2062, 3562, 4006]",0.004982424378176839,0.040149598504014956,0.041432730002596875,True,True,1.3826564500953311
CDIPT,0.3009078921259158,"[1551, 2676, 3149, 4073]",0.29908808883649207,0.0006999930000699993,0.0009558525104404128,True,True,3.0196091148822912
CDK7,0.4288826109478283,"[735, 1027, 3341, 4166]",0.42739593803085785,9.99990000099999e-06,1.6823361178152925e-05,True,True,4.774087231172335
CENPA,0.044030752176465016,"[970, 2096, 2618, 2624]",0.04154227324474391,0.005389946100538994,0.005935463197623249,True,True,2.2265453834790145
CENPC,0.4679506588714668,"[157, 196, 982, 2635]",0.46656568380134944,9.99990000099999e-06,1.6823361178152925e-05,True,True,4.774087231172335
CENPH,0.3813408193531811,"[184, 514, 568, 805]",0.3797303906281353,9.99990000099999e-06,1.6823361178152925e-05,True,True,4.774087231172335
CENPW,0.4663626056483199,"[508, 2334, 2763, 3932]",0.4649734967245276,9.99990000099999e-06,1.6823361178152925e-05,True,True,4.774087231172335
CEP55,0.4619720100327758,"[1270, 1926, 2603, 3757]",0.4605714719707431,9.99990000099999e-06,1.6823361178152925e-05,True,True,4.774087231172335
CEP85,0.9583333333333334,"[1394, 2295, 3216, 3935]",0.9582248710345814,9.99990000099999e-06,1.6823361178152925e-05,True,True,4.774087231172335
CEP135,0.533453836861205,"[579, 924, 936, 3381]",0.5322393727973352,9.99990000099999e-06,1.6823361178152925e-05,True,True,4.774087231172335
CEP350,0.8946969696969697,"[3481, 3551, 3639, 3665]",0.8944228558873968,9.99990000099999e-06,1.6823361178152925e-05,True,True,4.774087231172335
CERCAM,0.10053241612331118,"[616, 798, 1716, 3128]",0.09819101640010962,0.0023599764002359977,0.002775366677887745,True,True,2.556679630320361
CERS6,0.23295554438596694,"[2045, 2972, 3387, 3787]",0.23095885466834815,0.0006999930000699993,0.0009558525104404128,True,True,3.0196091148822912
CFL1,0.6118152585935908,"[2633, 3645, 3745, 4110]",0.6108047767681506,9.99990000099999e-06,1.6823361178152925e-05,True,True,4.774087231172335
CHD1,1.0,"[1070, 3460, 3995, 4060]",1.0,9.99990000099999e-06,1.6823361178152925e-05,True,True,4.774087231172335
CHD4,0.7030607712177955,"[1423, 1971, 3320, 3554]",0.7022878101455556,9.99990000099999e-06,1.6823361178152925e-05,True,True,4.774087231172335
CHERP,1.0,"[1542, 2840, 3451, 3746]",1.0,9.99990000099999e-06,1.6823361178152925e-05,True,True,4.774087231172335
CHMP1A,0.11395343902175822,"[603, 1704, 1975, 2167]",0.11164697549844067,0.0016399836001639984,0.0019826371784591335,True,True,2.702756754180968
CHMP2A,0.4401330910112641,"[1215, 2429, 2641, 3563]",0.43867570416460744,9.99990000099999e-06,1.6823361178152925e-05,True,True,4.774087231172335
CHMP4B,0.3828230218516019,"[152, 2227, 3232, 3370]",0.38121645144072075,9.99990000099999e-06,1.6823361178152925e-05,True,True,4.774087231172335
CHMP4C,0.04450831941498477,"[229, 307, 2469, 2961]",0.04202108363623562,0.005369946300536995,0.005919951813697723,True,True,2.2276818282653155
CHMP5,0.3955996866175903,"[745, 2285, 2412, 3780]",0.39402637508105076,9.99990000099999e-06,1.6823361178152925e-05,True,True,4.774087231172335
CHMP6,0.18325594296679343,"[1555, 1769, 2649, 3170]",0.18112988045676723,0.0007199928000719992,0.0009558525104404128,True,True,3.0196091148822912
CHMP7,0.7503944344726726,"[451, 1359, 1850, 3717]",0.749744687430632,9.99990000099999e-06,1.6823361178152925e-05,True,True,4.774087231172335
CHST12,0.0871981891687386,"[725, 1154, 1762, 2862]",0.08482207918375531,0.0024099759002409976,0.0027921132825708783,True,True,2.5540669653478107
CHTF8,0.36839861427531057,"[613, 1012, 2419, 3907]",0.3667544957587368,9.99990000099999e-06,1.6823361178152925e-05,True,True,4.774087231172335
CIAO1,0.3882959248954727,"[354, 398, 810, 2343]",0.38670360097207124,9.99990000099999e-06,1.6823361178152925e-05,True,True,4.774087231172335
CIAPIN1,0.290928586175989,"[81, 1014, 3416, 3966]",0.28908280580344664,0.0006999930000699993,0.0009558525104404128,True,True,3.0196091148822912
CIT,0.2590531116332031,"[615, 1564, 2507, 2511]",0.2571243563668355,0.0006999930000699993,0.0009558525104404128,True,True,3.0196091148822912
CLASP1,0.5402904700170932,"[412, 1170, 2592, 2894]",0.539093802359971,9.99990000099999e-06,1.6823361178152925e-05,True,True,4.774087231172335
CLDN15,0.19179799042247975,"[1879, 1964, 2411, 2849]",0.18969416367492775,0.0007199928000719992,0.0009558525104404128,True,True,3.0196091148822912
CLK3,1.0,"[527, 859, 2181, 3351]",1.0,9.99990000099999e-06,1.6823361178152925e-05,True,True,4.774087231172335
CMTR1,0.4489675144152756,"[231, 971, 2818, 3558]",0.44753312441351206,9.99990000099999e-06,1.6823361178152925e-05,True,True,4.774087231172335
CNOT1,0.29291591006722556,"[1096, 1118, 3756, 4179]",0.2910753028879058,0.0006999930000699993,0.0009558525104404128,True,True,3.0196091148822912
CNOT2,0.7638888888888888,"[1060, 1139, 1545, 2229]",0.7632742691959615,9.99990000099999e-06,1.6823361178152925e-05,True,True,4.774087231172335
CNOT4,1.0,"[916, 1486, 2173, 3191]",1.0,9.99990000099999e-06,1.6823361178152925e-05,True,True,4.774087231172335
CNOT10,0.6107142857142857,"[2557, 2680, 3366, 4133]",0.6097009379516609,9.99990000099999e-06,1.6823361178152925e-05,True,True,4.774087231172335
CNOT11,0.6597222222222222,"[824, 1735, 2207, 3515]",0.6588364467824152,9.99990000099999e-06,1.6823361178152925e-05,True,True,4.774087231172335
COA4,0.04744771115198185,"[467, 794, 1113, 3733]",0.04496812688966615,0.0052699473005269944,0.0058548471119062384,True,True,2.2324844412103024
COA5,0.5068956133972713,"[1438, 1891, 2631, 3396]",0.5056120157501777,9.99990000099999e-06,1.6823361178152925e-05,True,True,4.774087231172335
COG3,0.6403011204481792,"[368, 3090, 3698, 4032]",0.6393647900321473,9.99990000099999e-06,1.6823361178152925e-05,True,True,4.774087231172335
COG4,0.17932089609122737,"[938, 2183, 3577, 3863]",0.17718459027968547,0.0007199928000719992,0.0009558525104404128,True,True,3.0196091148822912
COG6,0.26658990730481413,"[133, 1888, 3984, 4130]",0.26468077103485693,0.0006999930000699993,0.0009558525104404128,True,True,3.0196091148822912
COG7,0.13628999986319754,"[332, 1523, 1923, 3470]",0.13404168053352175,0.0015399846001539984,0.0018921152251892114,True,True,2.7230524196572112
COG8,0.16512059737475607,"[108, 771, 3541, 3768]",0.16294732683421215,0.0015299847001529984,0.0018921152251892114,True,True,2.7230524196572112
COL9A1,0.7070761967501098,"[789, 2545, 3650, 3803]",0.7063136882126787,9.99990000099999e-06,1.6823361178152925e-05,True,True,4.774087231172335
COL18A1,0.01668299616618836,"[1666, 1875, 1885, 2240]",0.014123328422885328,0.015879841201587985,0.016767638230790687,True,True,1.7755281046907747
COMMD4,0.2553215051991952,"[640, 1589, 1740, 2379]",0.2533830362061428,0.0006999930000699993,0.0009558525104404128,True,True,3.0196091148822912
COMMD5,0.34775945520326995,"[1067, 1404, 2280, 3960]",0.346061610991402,9.99990000099999e-06,1.6823361178152925e-05,True,True,4.774087231172335
COMTD1,0.35204330082514795,"[1853, 1948, 2186, 3447]",0.35035660787112755,9.99990000099999e-06,1.6823361178152925e-05,True,True,4.774087231172335
COPA,0.41527777777777775,"[1059, 2370, 3371, 4192]",0.413755690185293,9.99990000099999e-06,1.6823361178152925e-05,True,True,4.774087231172335
COPB1,0.7143939393939394,"[89, 587, 921, 3405]",0.7136504796370402,9.99990000099999e-06,1.6823361178152925e-05,True,True,4.774087231172335
COPB2,0.49311799311799315,"[29, 659, 1430, 2646]",0.4917985310140958,9.99990000099999e-06,1.6823361178152925e-05,True,True,4.774087231172335
COPS2,0.7777777777777777,"[2007, 3157, 3159, 3360]",0.7771993121844344,9.99990000099999e-06,1.6823361178152925e-05,True,True,4.774087231172335
COPS3,0.5996739113999177,"[212, 1079, 2432, 3783]",0.5986318244922397,9.99990000099999e-06,1.6823361178152925e-05,True,True,4.774087231172335
COPS4,0.5746091871091871,"[69, 270, 2039, 2588]",0.5735018543387694,9.99990000099999e-06,1.6823361178152925e-05,True,True,4.774087231172335
COPS5,0.6430555555555556,"[684, 1515, 2434]",0.642211542377976,9.99990000099999e-06,1.6823361178152925e-05,True,True,4.774087231172335
COPS6,0.5531077582548171,"[1258, 2399, 3808, 3887]",0.5519444552187995,9.99990000099999e-06,1.6823361178152925e-05,True,True,4.774087231172335
COPS8,0.23675595238095237,"[586, 853, 1234]",0.23495122325874332,0.000949990500094999,0.001233385850317891,True,True,2.908901038205895
COPZ1,0.6603896103896104,"[1050, 1722, 2431, 3849]",0.6595055722247185,9.99990000099999e-06,1.6823361178152925e-05,True,True,4.774087231172335
COQ4,0.7560425685425685,"[246, 452, 813, 3185]",0.7554075241310451,9.99990000099999e-06,1.6823361178152925e-05,True,True,4.774087231172335
COQ7,0.3483203964431606,"[94, 832, 2571, 3953]",0.3466240124147249,9.99990000099999e-06,1.6823361178152925e-05,True,True,4.774087231172335
COQ10B,0.11031688155998086,"[2209, 2444, 3058, 3916]",0.10800095173149897,0.0023499765002349977,0.002775366677887745,True,True,2.556679630320361
COX7B,0.321280798384971,"[227, 1594, 2943, 3556]",0.31951402770943005,0.0006999930000699993,0.0009558525104404128,True,True,3.0196091148822912
COX7C,0.3920310501924646,"[1677, 1713, 2075, 3976]",0.3904484491556832,9.99990000099999e-06,1.6823361178152925e-05,True,True,4.774087231172335
COX11,0.09702256566607159,"[946, 2244, 4007, 4068]",0.09467202946809722,0.0023599764002359977,0.002775366677887745,True,True,2.556679630320361
COX14,0.46032829154019955,"[932, 2821, 2948, 3813]",0.45892347472249784,9.99990000099999e-06,1.6823361178152925e-05,True,True,4.774087231172335
COX15,0.20073441739766557,"[247, 1644, 2363, 2690]",0.1986538530200101,0.0007199928000719992,0.0009558525104404128,True,True,3.0196091148822912
CPOX,0.01895646409574407,"[660, 1618, 2447, 2759]",0.01640271440582772,0.013889861101388986,0.01479122442818125,True,True,1.829995873305869
CPSF2,0.925,"[259, 1004, 1244, 1433]",0.9248047678622466,9.99990000099999e-06,1.6823361178152925e-05,True,True,4.774087231172335
CPSF3,0.22236122757550936,"[218, 1128, 1145, 3339]",0.22033695984297136,0.0006999930000699993,0.0009558525104404128,True,True,3.0196091148822912
CPSF6,0.7,"[964, 1928, 2899, 3527]",0.6992190714489864,9.99990000099999e-06,1.6823361178152925e-05,True,True,4.774087231172335
CRAT,0.10797774566298958,"[1314, 1956, 2510, 2912]",0.10565572684115215,0.0023499765002349977,0.002775366677887745,True,True,2.556679630320361
CREBBP,1.0,"[1392, 1653, 2082, 2652]",1.0,9.99990000099999e-06,1.6823361178152925e-05,True,True,4.774087231172335
CSE1L,1.0,"[651, 930, 1358, 3664]",1.0,9.99990000099999e-06,1.6823361178152925e-05,True,True,4.774087231172335
CSNK2A2,0.3166294172604319,"[913, 3334, 3740, 3948]",0.3148505385971516,0.0006999930000699993,0.0009558525104404128,True,True,3.0196091148822912
CSNK2A3,0.16807207605055657,"[478, 2037, 2148, 3140]",0.1659064884898981,0.001009989900100999,0.0013095853497423575,True,True,2.882866191996879
CTDSP1,0.6831361637357113,"[449, 1604, 2761, 3693]",0.6823113370139697,9.99990000099999e-06,1.6823361178152925e-05,True,True,4.774087231172335
CTDSPL2,1.0,"[292, 986, 3209, 4031]",1.0,9.99990000099999e-06,1.6823361178152925e-05,True,True,4.774087231172335
CTPS2,0.0023112976221635584,"[128, 240, 1325, 4008]",-0.0002857810202047671,0.1828181718182818,0.18336772544098207,False,False,0.7366771021248397
CTSG,0.3989177489177489,"[1106, 2221, 2883, 3596]",0.39735307461315683,9.99990000099999e-06,1.6823361178152925e-05,True,True,4.774087231172335
CTU1,0.29598250392386966,"[1811, 2550, 3136, 3824]",0.29414987938020665,0.0006999930000699993,0.0009558525104404128,True,True,3.0196091148822912
CTU2,0.23263685393323857,"[1818, 2497, 2559, 3539]",0.23063933463404154,0.0006999930000699993,0.0009558525104404128,True,True,3.0196091148822912
CUL1,1.0,"[2296, 3060, 3571, 4164]",1.0,9.99990000099999e-06,1.6823361178152925e-05,True,True,4.774087231172335
CUL2,1.0,"[650, 667, 2276, 2314]",1.0,9.99990000099999e-06,1.6823361178152925e-05,True,True,4.774087231172335
CYP2C18,0.04328962585148763,"[1208, 1330, 2767, 3229]",0.04079921769740958,0.005499945000549994,0.0060432985132278195,True,True,2.2187259529225405
CYP4V2,0.0024068414582952505,"[641, 2540, 2573, 3476]",-0.00018998847437471284,0.17282827171728282,0.17352166498395197,False,False,0.7606462938092524
CYP26C1,0.9523809523809524,"[723, 1548, 1976, 2423]",0.9522569954680931,9.99990000099999e-06,1.6823361178152925e-05,True,True,4.774087231172335
DAD1,0.8888888888888888,"[1869, 2700, 3667, 4019]",0.8885996560922171,9.99990000099999e-06,1.6823361178152925e-05,True,True,4.774087231172335
DARS,0.7978028090668892,"[327, 1491, 2629, 3732]",0.7972764705357744,9.99990000099999e-06,1.6823361178152925e-05,True,True,4.774087231172335
DCAF7,0.9298245614035088,"[857, 2064, 2537, 4051]",0.9296418880582424,9.99990000099999e-06,1.6823361178152925e-05,True,True,4.774087231172335
DCAF11,0.4565025252525252,"[689, 1087, 2921, 3957]",0.45508774960107834,9.99990000099999e-06,1.6823361178152925e-05,True,True,4.774087231172335
DCTN4,0.6248626373626374,"[43, 95, 130, 2580]",0.6238861191058526,9.99990000099999e-06,1.6823361178152925e-05,True,True,4.774087231172335
DCTN5,0.45781615162052647,"[2128, 2226, 2310, 3779]",0.4564047954635333,9.99990000099999e-06,1.6823361178152925e-05,True,True,4.774087231172335
DDB1,1.0,"[1508, 2802, 2956, 3582]",1.0,9.99990000099999e-06,1.6823361178152925e-05,True,True,4.774087231172335
DDI2,0.6331465919701214,"[942, 2634, 2689, 3842]",0.6321916376355642,9.99990000099999e-06,1.6823361178152925e-05,True,True,4.774087231172335
DDOST,0.8315476190476191,"[785, 1516, 1629, 3134]",0.8311091214683793,9.99990000099999e-06,1.6823361178152925e-05,True,True,4.774087231172335
DDRGK1,0.033531798982001065,"[74, 795, 1562, 2740]",0.031015990275928922,0.007409925900740993,0.008053567672792326,True,True,2.0940116876613066
DDX18,0.9388888888888889,"[17, 2004, 2549, 3735]",0.9387298108507195,9.99990000099999e-06,1.6823361178152925e-05,True,True,4.774087231172335
DDX39B,0.7685876830269903,"[1943, 2348, 2381, 2524]",0.767985294742389,9.99990000099999e-06,1.6823361178152925e-05,True,True,4.774087231172335
DDX46,1.0,"[1513, 1707, 2252, 4009]",1.0,9.99990000099999e-06,1.6823361178152925e-05,True,True,4.774087231172335
DDX47,0.3878753019128335,"[107, 1147, 3354, 3545]",0.38628188306777744,9.99990000099999e-06,1.6823361178152925e-05,True,True,4.774087231172335
DDX52,0.5853098290598291,"[125, 1472, 3471, 3862]",0.5842303510787895,9.99990000099999e-06,1.6823361178152925e-05,True,True,4.774087231172335
DENR,0.34774157946892725,"[32, 871, 1131, 3881]",0.34604368872482155,9.99990000099999e-06,1.6823361178152925e-05,True,True,4.774087231172335
DERL2,0.29283206610020696,"[1220, 1269, 1927, 2793]",0.2909912406670616,0.0006999930000699993,0.0009558525104404128,True,True,3.0196091148822912
DGCR8,0.7090624287992708,"[599, 947, 2681, 3171]",0.7083050906128936,9.99990000099999e-06,1.6823361178152925e-05,True,True,4.774087231172335
DGKD,0.701891447368421,"[1890, 1950, 3727, 3764]",0.7011154424349166,9.99990000099999e-06,1.6823361178152925e-05,True,True,4.774087231172335
DHDDS,1.0,"[1887, 1938, 2875, 2915]",1.0,9.99990000099999e-06,1.6823361178152925e-05,True,True,4.774087231172335
DHRS9,0.056429565189589435,"[1290, 3152, 3431, 3568]",0.05397336154813709,0.004199958000419996,0.004723772986989231,True,True,2.325710981690798
DHX9,1.0,"[1206, 2770, 3423, 3840]",1.0,9.99990000099999e-06,1.6823361178152925e-05,True,True,4.774087231172335
DHX30,0.270771940062281,"[1749, 2492, 2986, 3051]",0.2688736900215957,0.0006999930000699993,0.0009558525104404128,True,True,3.0196091148822912
DIS3L2,0.015588104507792553,"[215, 1216, 2967, 4058]",0.01302558665730183,0.017259827401725984,0.01816728415260537,True,True,1.740709991002009
DLD,0.047284068573583145,"[276, 529, 1753, 2523]",0.04480405833406201,0.0052799472005279945,0.005859453600585945,True,True,2.2321428804519154
DLG4,0.5019490231990231,"[797, 1104, 1109, 1475]",0.5006525491068763,9.99990000099999e-06,1.6823361178152925e-05,True,True,4.774087231172335
DMRTC2,0.2768072921668104,"[994, 2016, 2827, 3678]",0.274924752722038,0.0006999930000699993,0.0009558525104404128,True,True,3.0196091148822912
DNAJA3,0.9523809523809524,"[929, 1449, 3466, 4064]",0.9522569954680931,9.99990000099999e-06,1.6823361178152925e-05,True,True,4.774087231172335
DNAJC19,0.15414551007996777,"[1140, 1643, 3491, 4093]",0.15194367034269596,0.0015299847001529984,0.0018921152251892114,True,True,2.7230524196572112
DNASE1L1,0.015959056845438496,"[2097, 2100, 3522, 3606]",0.013397504619186214,0.016679833201667982,0.01757527687881016,True,True,1.7550978244309137
DNMT1,0.22797909738611336,"[49, 2665, 2775, 2902]",0.22596945350334527,0.0006999930000699993,0.0009558525104404128,True,True,3.0196091148822912
DPH2,0.7049574662317348,"[580, 1737, 1988, 3844]",0.7041894424371249,9.99990000099999e-06,1.6823361178152925e-05,True,True,4.774087231172335
DPH3,0.7261758180340085,"[1481, 3407, 4157, 4195]",0.7254630276284912,9.99990000099999e-06,1.6823361178152925e-05,True,True,4.774087231172335
DRAP1,0.370392783923113,"[1036, 1731, 2272, 2913]",0.3687538564199177,9.99990000099999e-06,1.6823361178152925e-05,True,True,4.774087231172335
DUT,0.007452145656832434,"[515, 1417, 1658, 4188]",0.0048684491311530905,0.040889591104088956,0.04215291523706802,True,True,1.3751723847974548
DYNC1H1,0.2714624549898919,"[70, 2509, 2719, 3458]",0.26956600242527956,0.0006999930000699993,0.0009558525104404128,True,True,3.0196091148822912
DYNC1I2,0.477696275725873,"[156, 483, 1232, 3066]",0.4763366694239184,9.99990000099999e-06,1.6823361178152925e-05,True,True,4.774087231172335
DYNC1LI1,0.7293244949494949,"[847, 1452, 2118, 3043]",0.7286199008496483,9.99990000099999e-06,1.6823361178152925e-05,True,True,4.774087231172335
DYNC1LI2,0.49606782106782105,"[397, 908, 1122, 1829]",0.49475603764681236,9.99990000099999e-06,1.6823361178152925e-05,True,True,4.774087231172335
DYNLL1,1.0,"[626, 1504, 1543, 1708]",1.0,9.99990000099999e-06,1.6823361178152925e-05,True,True,4.774087231172335
DYNLL2,0.14596300411661461,"[1246, 1505, 1544, 3786]",0.14373986453759072,0.0015299847001529984,0.0018921152251892114,True,True,2.7230524196572112
DYRK1A,1.0,"[124, 3452, 3998, 4036]",1.0,9.99990000099999e-06,1.6823361178152925e-05,True,True,4.774087231172335
EBF1,0.04368961550011381,"[1525, 2987, 2998, 3816]",0.041200248557158176,0.0054299457005429945,0.005972940270597294,True,True,2.2238118281760326
ECT2,0.19088514444662058,"[2369, 3394, 3823, 4091]",0.1887789414741178,0.0007199928000719992,0.0009558525104404128,True,True,3.0196091148822912
EFR3A,0.2614074398966325,"[1054, 1190, 2190, 3125]",0.2594848131707962,0.0006999930000699993,0.0009558525104404128,True,True,3.0196091148822912
EFTUD2,0.7829228520017993,"[698, 2159, 2495, 2718]",0.7823577795263181,9.99990000099999e-06,1.6823361178152925e-05,True,True,4.774087231172335
EGFL7,0.09148405799204595,"[1967, 2481, 2621, 2945]",0.08911910453149605,0.0023799762002379974,0.002775366677887745,True,True,2.556679630320361
EIF1AD,0.8065476190476191,"[121, 1466, 1611, 1763]",0.8060440440891282,9.99990000099999e-06,1.6823361178152925e-05,True,True,4.774087231172335
EIF2AK3,0.1966995577495212,"[2218, 2297, 3031, 4023]",0.19460849024820387,0.0007199928000719992,0.0009558525104404128,True,True,3.0196091148822912
EIF2B2,0.33967680989968124,"[2250, 2420, 2565, 2754]",0.3379579257928623,3.999960000399996e-05,6.673266600667327e-05,True,True,4.175661524499467
EIF2B3,0.5719384781884782,"[223, 862, 1519, 3054]",0.5708241933085684,9.99990000099999e-06,1.6823361178152925e-05,True,True,4.774087231172335
EIF2B4,0.4164177946481317,"[590, 917, 2013, 3062]",0.41489867462805596,9.99990000099999e-06,1.6823361178152925e-05,True,True,4.774087231172335
EIF2B5,0.8055555555555556,"[1659, 1767, 1800, 3526]",0.8050493981613801,9.99990000099999e-06,1.6823361178152925e-05,True,True,4.774087231172335
EIF2S1,0.9791666666666666,"[1502, 3176, 3272, 4090]",0.9791124355172907,9.99990000099999e-06,1.6823361178152925e-05,True,True,4.774087231172335
EIF2S2,0.23952634802549067,"[134, 1705, 2575, 3414]",0.23754676273508926,0.0006999930000699993,0.0009558525104404128,True,True,3.0196091148822912
EIF3A,0.675,"[178, 2833, 3426, 4185]",0.6741539940697353,9.99990000099999e-06,1.6823361178152925e-05,True,True,4.774087231172335
EIF3B,0.5293650793650794,"[139, 181, 968, 3488]",0.52813997187632,9.99990000099999e-06,1.6823361178152925e-05,True,True,4.774087231172335
EIF3L,1.0,"[558, 1247, 2046, 4118]",1.0,9.99990000099999e-06,1.6823361178152925e-05,True,True,4.774087231172335
EIF3M,0.6397045309959708,"[166, 2365, 3810, 3901]",0.6387666476008174,9.99990000099999e-06,1.6823361178152925e-05,True,True,4.774087231172335
EIF4A1,1.0,"[21, 149, 2011, 2774]",1.0,9.99990000099999e-06,1.6823361178152925e-05,True,True,4.774087231172335
EIF4G1,0.5096661530656392,"[264, 531, 541, 3898]",0.5083897673969747,9.99990000099999e-06,1.6823361178152925e-05,True,True,4.774087231172335
EIF5B,1.0,"[1775, 2699, 3307, 4106]",1.0,9.99990000099999e-06,1.6823361178152925e-05,True,True,4.774087231172335
EIF6,0.9107142857142857,"[601, 1802, 2843, 3531]",0.9104818665026746,9.99990000099999e-06,1.6823361178152925e-05,True,True,4.774087231172335
ELAC2,0.31585953682467344,"[1066, 3129, 3599, 4148]",0.3140786540893493,0.0006999930000699993,0.0009558525104404128,True,True,3.0196091148822912
ELAVL1,1.0,"[3091, 3309, 3374, 4127]",1.0,9.99990000099999e-06,1.6823361178152925e-05,True,True,4.774087231172335
ELOC,0.5922026471423517,"[435, 565, 830, 3068]",0.5911411118227707,9.99990000099999e-06,1.6823361178152925e-05,True,True,4.774087231172335
ELOVL1,1.0,"[50, 1250, 1410, 2877]",1.0,9.99990000099999e-06,1.6823361178152925e-05,True,True,4.774087231172335
ELP2,0.1042786439188709,"[280, 1577, 3188, 3736]",0.10194699598314985,0.0023499765002349977,0.002775366677887745,True,True,2.556679630320361
ELP4,0.5547166037361184,"[1520, 1576, 1581, 2558]",0.5535574886780026,9.99990000099999e-06,1.6823361178152925e-05,True,True,4.774087231172335
EMC1,0.5503246753246753,"[1480, 2576, 3174, 4066]",0.5491541276589245,9.99990000099999e-06,1.6823361178152925e-05,True,True,4.774087231172335
EMC2,1.0,"[790, 1167, 3682, 3893]",1.0,9.99990000099999e-06,1.6823361178152925e-05,True,True,4.774087231172335
EMC3,0.6236111111111111,"[86, 1296, 3017, 3406]",0.6226313350123858,9.99990000099999e-06,1.6823361178152925e-05,True,True,4.774087231172335
EPB41L2,0.573475638625875,"[131, 1912, 3258, 4176]",0.5723653551208755,9.99990000099999e-06,1.6823361178152925e-05,True,True,4.774087231172335
EPRS,0.7069444444444444,"[258, 566, 850, 1955]",0.7061815929432229,9.99990000099999e-06,1.6823361178152925e-05,True,True,4.774087231172335
ERCC3,1.0,"[726, 809, 969, 1422]",1.0,9.99990000099999e-06,1.6823361178152925e-05,True,True,4.774087231172335
ERCC6,0.10985470710126921,"[491, 2794, 2932, 2983]",0.10753757418868613,0.0023499765002349977,0.002775366677887745,True,True,2.556679630320361
ERN1,0.06234556703664901,"[362, 1148, 1638, 2018]",0.059904763311030715,0.003909960900390996,0.004402554399652854,True,True,2.3562952690181325
ETHE1,0.004331558705427096,"[875, 1393, 1570, 1603]",0.0017397389949268443,0.08018919810801892,0.08140911491493605,False,False,1.0893269669087973
ETS1,0.9791666666666666,"[2081, 2302, 2931, 2970]",0.9791124355172907,9.99990000099999e-06,1.6823361178152925e-05,True,True,4.774087231172335
EXOC4,0.925,"[80, 243, 3069, 4080]",0.9248047678622466,9.99990000099999e-06,1.6823361178152925e-05,True,True,4.774087231172335
EXOC5,0.6338662411236424,"[1311, 2547, 3274, 4021]",0.6329131601043209,9.99990000099999e-06,1.6823361178152925e-05,True,True,4.774087231172335
EXOC7,0.7021284271284272,"[155, 1372, 2667, 3949]",0.7013530390757914,9.99990000099999e-06,1.6823361178152925e-05,True,True,4.774087231172335
EXOSC3,0.75,"[438, 3675, 3784]",0.7494088623658975,9.99990000099999e-06,1.6823361178152925e-05,True,True,4.774087231172335
EXOSC5,0.5856863858163684,"[1669, 2675, 3201, 3838]",0.5846078880484031,9.99990000099999e-06,1.6823361178152925e-05,True,True,4.774087231172335
EXOSC6,0.24451223259047358,"[2854, 2911, 3580, 3874]",0.24254562603210167,0.0006999930000699993,0.0009558525104404128,True,True,3.0196091148822912
EXOSC8,1.0,"[373, 401, 576, 3248]",1.0,9.99990000099999e-06,1.6823361178152925e-05,True,True,4.774087231172335
F2,0.09859253655543421,"[382, 2512, 2596, 2971]",0.09624608714109903,0.0023599764002359977,0.002775366677887745,True,True,2.556679630320361
FAM83H,1.0,"[530, 2613, 2815, 2908]",1.0,9.99990000099999e-06,1.6823361178152925e-05,True,True,4.774087231172335
FANCC,0.39831563825466265,"[2468, 3114, 3208, 4186]",0.39674939659871167,9.99990000099999e-06,1.6823361178152925e-05,True,True,4.774087231172335
FANCG,0.025960228204220764,"[2002, 2346, 2587, 3798]",0.023424709978827323,0.00978990210097899,0.010548645859074241,True,True,1.9768032876342896
FANCM,0.13086068066810308,"[30, 211, 828, 3699]",0.1285982283038539,0.0015399846001539984,0.0018921152251892114,True,True,2.7230524196572112
FARSA,0.8707264957264957,"[161, 2886, 2905, 3079]",0.8703899844919065,9.99990000099999e-06,1.6823361178152925e-05,True,True,4.774087231172335
FARSB,0.006075922204357788,"[959, 1946, 3078, 3744]",0.003488643238056405,0.05235947640523595,0.05370065151807499,False,False,1.2700204452317594
FAT1,1.0,"[272, 561, 1910, 1920]",1.0,9.99990000099999e-06,1.6823361178152925e-05,True,True,4.774087231172335
FAU,0.5518316569051862,"[877, 1304, 1877, 1951]",0.550665032055909,9.99990000099999e-06,1.6823361178152925e-05,True,True,4.774087231172335
FBXL4,0.4010960905429488,"[1125, 3225, 3980, 4129]",0.39953708666892007,9.99990000099999e-06,1.6823361178152925e-05,True,True,4.774087231172335
FBXW11,1.0,"[58, 614, 1752, 2241]",1.0,9.99990000099999e-06,1.6823361178152925e-05,True,True,4.774087231172335
FCGR1A,0.14827285839079785,"[1101, 2036, 3510, 3942]",0.14605573158227858,0.0015299847001529984,0.0018921152251892114,True,True,2.7230524196572112
FECH,0.029395866778474,"[141, 3286, 3507, 3597]",0.026869291847259218,0.008279917200827991,0.008960213100571697,True,True,2.047681661397938
FGF1,0.5410945084725572,"[592, 1451, 1973, 3719]",0.539899933804055,9.99990000099999e-06,1.6823361178152925e-05,True,True,4.774087231172335
FGF23,0.014760981728006325,"[1008, 1313, 2313, 2742]",0.012196310798202506,0.01830981690183098,0.01925223394824875,True,True,1.7155188695265637
FGFR1OP,0.003681070986021712,"[189, 3372, 4081, 4174]",0.0010875579940809019,0.0992790072099279,0.10048360588183805,False,False,0.9979047885502917
FGFR1OP2,0.09061245845003985,"[201, 2735, 4035, 4149]",0.08824523613293193,0.0023899761002389975,0.002775366677887745,True,True,2.556679630320361
FIGLA,0.044838914630895156,"[833, 1756, 2739, 3139]",0.04235253942295579,0.005369946300536995,0.005919951813697723,True,True,2.2276818282653155
FJX1,0.02578804381160753,"[1623, 2630, 2691, 3210]",0.023252077373853323,0.00981990180098199,0.010569593228798895,True,True,1.9759417262107712
FKBP9,0.5034936843027881,"[865, 1342, 3115, 3931]",0.5022012311104997,9.99990000099999e-06,1.6823361178152925e-05,True,True,4.774087231172335
FLII,0.7860810306198656,"[440, 581, 906, 2353]",0.7855241791838911,9.99990000099999e-06,1.6823361178152925e-05,True,True,4.774087231172335
FOXD4L1,0.17152318297447286,"[1374, 1641, 2175, 2866]",0.16936657897357937,0.0007899921000789992,0.001032352600755977,True,True,2.986171943785948
FOXD4L5,0.29668741726242387,"[727, 1214, 3329, 3794]",0.2948566276752677,0.0006999930000699993,0.0009558525104404128,True,True,3.0196091148822912
FOXK1,0.8506006006006006,"[84, 826, 1911, 2539]",0.8502116997456164,9.99990000099999e-06,1.6823361178152925e-05,True,True,4.774087231172335
FOXL2,0.006973737566013838,"[621, 1182, 1764, 3047]",0.004388795698543975,0.04441955580444196,0.045697816403130934,True,True,1.3401045514996826
FTH1,0.17838701691469225,"[2766, 2940, 3636, 3965]",0.1762482801267765,0.0007299927000729993,0.0009640141065607814,True,True,3.0159166109553834
FTL,0.07355852361944164,"[2093, 2274, 2891, 4121]",0.07114690828694593,0.003149968500314997,0.0035994503068667943,True,True,2.443763817822266
FTSJ3,0.8292748917748918,"[820, 3806, 4030, 4152]",0.8288304780702656,9.99990000099999e-06,1.6823361178152925e-05,True,True,4.774087231172335
FUNDC2,0.008711649456127147,"[302, 2577, 2716, 4044]",0.0061312315387044005,0.03369966300336997,0.03496722545727911,True,True,1.4563388262666064
FZD9,0.2706246978722877,"[1490, 2609, 2786, 3135]",0.2687260645461689,0.0006999930000699993,0.0009558525104404128,True,True,3.0196091148822912
GABBR1,0.14369816915636227,"[460, 662, 1493, 2200]",0.14146913399639238,0.0015299847001529984,0.0018921152251892114,True,True,2.7230524196572112
GABRR3,0.3180214767743797,"[146, 360, 1368, 2530]",0.31624622177449657,0.0006999930000699993,0.0009558525104404128,True,True,3.0196091148822912
GAK,0.8836458333333334,"[0, 564, 1608, 3912]",0.8833429523640688,9.99990000099999e-06,1.6823361178152925e-05,True,True,4.774087231172335
GARS,0.8407384865084195,"[1135, 2306, 2721, 3860]",0.8403239136318755,9.99990000099999e-06,1.6823361178152925e-05,True,True,4.774087231172335
GBF1,1.0,"[1092, 1584, 2710, 2914]",1.0,9.99990000099999e-06,1.6823361178152925e-05,True,True,4.774087231172335
GGTLC2,0.6811828638940028,"[1453, 2160, 3098, 4076]",0.6803529525468777,9.99990000099999e-06,1.6823361178152925e-05,True,True,4.774087231172335
GINS1,0.6887618072112582,"[760, 2642, 3572, 3827]",0.6879516245748762,9.99990000099999e-06,1.6823361178152925e-05,True,True,4.774087231172335
GINS2,0.09258324970838801,"[838, 2413, 2963, 4004]",0.09022115754848586,0.0023799762002379974,0.002775366677887745,True,True,2.556679630320361
GLB1,0.09882662285425382,"[1360, 1937, 2823, 3246]",0.09648078278883249,0.0023599764002359977,0.002775366677887745,True,True,2.556679630320361
GMPPB,1.0,"[1932, 2730, 3166, 3356]",1.0,9.99990000099999e-06,1.6823361178152925e-05,True,True,4.774087231172335
GNG5,0.15633785275136328,"[1231, 3005, 4099, 4146]",0.15414171989071046,0.0015299847001529984,0.0018921152251892114,True,True,2.7230524196572112
GNL2,1.0,"[632, 1728, 2389, 4075]",1.0,9.99990000099999e-06,1.6823361178152925e-05,True,True,4.774087231172335
GNL3,1.0,"[19, 553, 1229, 3024]",1.0,9.99990000099999e-06,1.6823361178152925e-05,True,True,4.774087231172335
GNL3L,1.0,"[2487, 3131, 3785, 4029]",1.0,9.99990000099999e-06,1.6823361178152925e-05,True,True,4.774087231172335
GNPNAT1,0.024651331115006257,"[683, 1600, 3589, 3716]",0.022112405705921795,0.01022989770102299,0.010987261372021473,True,True,1.9591105440856071
GOLGA2,0.7956349206349206,"[692, 2521, 2797, 3970]",0.7951029388838995,9.99990000099999e-06,1.6823361178152925e-05,True,True,4.774087231172335
GOLGA6D,0.28056321276881024,"[688, 1726, 2498, 2882]",0.278690450342816,0.0006999930000699993,0.0009558525104404128,True,True,3.0196091148822912
GOLGA6L1,0.2622201872201872,"[361, 1844, 2349, 3603]",0.2602996761529833,0.0006999930000699993,0.0009558525104404128,True,True,3.0196091148822912
GOLGA8K,0.6680555555555555,"[1369, 1636, 2677, 3181]",0.6671914725754989,9.99990000099999e-06,1.6823361178152925e-05,True,True,4.774087231172335
GOLT1B,0.33915907194229844,"[20, 376, 2232, 3555]",0.33743884011430336,4.999950000499995e-05,8.313870349668597e-05,True,True,4.080196752365591
GPN1,0.8756313131313131,"[3392, 3513, 3904, 3974]",0.8753075696032204,9.99990000099999e-06,1.6823361178152925e-05,True,True,4.774087231172335
GPN2,0.5327418926103137,"[475, 3141, 3771, 4115]",0.5315255752878031,9.99990000099999e-06,1.6823361178152925e-05,True,True,4.774087231172335
GPS1,0.6869315491764472,"[416, 979, 1675, 1899]",0.6861166022042149,9.99990000099999e-06,1.6823361178152925e-05,True,True,4.774087231172335
GPX4,0.19925291404000245,"[625, 2117, 2328, 3987]",0.19716849316811227,0.0007199928000719992,0.0009558525104404128,True,True,3.0196091148822912
GPX8,0.23791280164357692,"[8, 1129, 3013, 3432]",0.2359290161383821,0.0006999930000699993,0.0009558525104404128,True,True,3.0196091148822912
GRB2,0.8916666666666667,"[120, 432, 848, 2152]",0.8913846646899118,9.99990000099999e-06,1.6823361178152925e-05,True,True,4.774087231172335
GRIA3,0.02427004781051889,"[759, 975, 1006, 3306]",0.0217301298847061,0.01059989400105999,0.011372447904674222,True,True,1.9441460439255156
GRPEL1,0.9055555555555556,"[315, 791, 1312, 3147]",0.9053097076783847,9.99990000099999e-06,1.6823361178152925e-05,True,True,4.774087231172335
GTF2A1,0.8347222222222223,"[887, 2224, 3184, 3420]",0.8342919884371731,9.99990000099999e-06,1.6823361178152925e-05,True,True,4.774087231172335
GTF2A2,0.6436507936507937,"[115, 333, 1387, 3265]",0.6427231827528967,9.99990000099999e-06,1.6823361178152925e-05,True,True,4.774087231172335
GTF2B,0.9791666666666666,"[910, 2390, 2865, 4205]",0.9791124355172907,9.99990000099999e-06,1.6823361178152925e-05,True,True,4.774087231172335
GTF2E2,0.7132936507936507,"[2005, 2139, 3737, 4117]",0.7125473268808105,9.99990000099999e-06,1.6823361178152925e-05,True,True,4.774087231172335
GTF3C1,0.9666666666666667,"[1478, 1701, 2342, 3920]",0.9665798968276652,9.99990000099999e-06,1.6823361178152925e-05,True,True,4.774087231172335
GTF3C4,0.6921313506815365,"[77, 2803, 3518, 3710]",0.6913299392874873,9.99990000099999e-06,1.6823361178152925e-05,True,True,4.774087231172335
GTF3C6,0.16177275402947516,"[1454, 2266, 2861, 3917]",0.15959076873408906,0.0015299847001529984,0.0018921152251892114,True,True,2.7230524196572112
GTPBP4,1.0,"[2409, 3760, 3841, 4147]",1.0,9.99990000099999e-06,1.6823361178152925e-05,True,True,4.774087231172335
H2AFX,0.0033243807091116353,"[1661, 1864, 2585, 4071]",0.0007299392184337988,0.1128588714112859,0.11411285887141129,False,False,0.9426654141073132
HAMP,0.2543385087135087,"[562, 3517, 3973, 4144]",0.2523974808870522,0.0006999930000699993,0.0009558525104404128,True,True,3.0196091148822912
HARS,0.20961343442012673,"[66, 814, 2687, 3240]",0.2075559829687972,0.0007099929000709993,0.0009558525104404128,True,True,3.0196091148822912
HAUS4,0.8666666666666667,"[2073, 3524, 3807, 3815]",0.8663195873106606,9.99990000099999e-06,1.6823361178152925e-05,True,True,4.774087231172335
HAUS5,0.38220290878155644,"[729, 2695, 2706, 2778]",0.3805947241573378,9.99990000099999e-06,1.6823361178152925e-05,True,True,4.774087231172335
HAUS6,0.3310549485203737,"[73, 1069, 2008, 3130]",0.3293136208878415,0.0006999930000699993,0.0009558525104404128,True,True,3.0196091148822912
HBS1L,0.026575471693471707,"[840, 1074, 3226, 4017]",0.02404155500543354,0.009329906700932991,0.010063832551329659,True,True,1.997236597916148
HDAC3,0.869949494949495,"[420, 3072, 3482, 3882]",0.8696109611079361,9.99990000099999e-06,1.6823361178152925e-05,True,True,4.774087231172335
HDAC4,0.28060355851607477,"[2078, 2531, 2924, 4084]",0.2787309011139003,0.0006999930000699993,0.0009558525104404128,True,True,3.0196091148822912
HDAC6,0.08719272196966701,"[763, 1719, 2210, 2712]",0.08481659775304422,0.0024099759002409976,0.0027921132825708783,True,True,2.5540669653478107
HECTD1,1.0,"[487, 895, 1171, 3886]",1.0,9.99990000099999e-06,1.6823361178152925e-05,True,True,4.774087231172335
HGS,0.5401766822008266,"[1371, 2119, 2169, 3203]",0.5389797183431895,9.99990000099999e-06,1.6823361178152925e-05,True,True,4.774087231172335
HIC2,0.2228967372762304,"[1592, 1867, 2373, 2670]",0.22087386352640787,0.0006999930000699993,0.0009558525104404128,True,True,3.0196091148822912
HIST1H2AI,0.3191237489835051,"[1738, 2583, 2820, 3121]",0.31735136330308567,0.0006999930000699993,0.0009558525104404128,True,True,3.0196091148822912
HIST1H2BK,0.34775945216047827,"[1482, 1784, 2103, 3533]",0.34606160794068963,9.99990000099999e-06,1.6823361178152925e-05,True,True,4.774087231172335
HIST2H3D,0.2236994357092669,"[1662, 1676, 1765, 2949]",0.22167865145985838,0.0006999930000699993,0.0009558525104404128,True,True,3.0196091148822912
HMGB1,0.20430594691116294,"[98, 1200, 2211, 2858]",0.20223467956473376,0.0007099929000709993,0.0009558525104404128,True,True,3.0196091148822912
HMGB3,0.004241119093793558,"[83, 142, 2010, 3262]",0.0016490639603770816,0.08248917510824892,0.08365923432964252,False,False,1.077486114509547
HMGCR,1.0,"[330, 631, 2544, 4135]",1.0,9.99990000099999e-06,1.6823361178152925e-05,True,True,4.774087231172335
HNRNPH1,1.0,"[71, 260, 1094, 3891]",1.0,9.99990000099999e-06,1.6823361178152925e-05,True,True,4.774087231172335
HNRNPH2,0.1350983713462398,"[829, 1443, 2059, 3600]",0.13284695009412706,0.0015399846001539984,0.0018921152251892114,True,True,2.7230524196572112
HNRNPK,1.0,"[1061, 2069, 2414, 3235]",1.0,9.99990000099999e-06,1.6823361178152925e-05,True,True,4.774087231172335
HOXB2,0.04713750831616307,"[404, 1786, 2156, 2470]",0.044657116566343726,0.0052899471005289946,0.005864049886632917,True,True,2.231802343722106
HSD17B12,0.053929942216064175,"[1046, 1340, 2325, 3593]",0.05146723181812251,0.004559954400455995,0.0051109633831197925,True,True,2.2914972304840084
HSF1,0.4579241901888961,"[320, 751, 1672, 3662]",0.4565131152665785,9.99990000099999e-06,1.6823361178152925e-05,True,True,4.774087231172335
HSPA5,1.0,"[254, 1349, 1783, 3490]",1.0,9.99990000099999e-06,1.6823361178152925e-05,True,True,4.774087231172335
HSPA9,1.0,"[287, 2088, 2927, 4137]",1.0,9.99990000099999e-06,1.6823361178152925e-05,True,True,4.774087231172335
HSPA14,1.0,"[205, 294, 1225, 2623]",1.0,9.99990000099999e-06,1.6823361178152925e-05,True,True,4.774087231172335
HSPB9,0.255213720103426,"[1222, 2239, 2686, 2812]",0.25327497053551135,0.0006999930000699993,0.0009558525104404128,True,True,3.0196091148822912
HSPD1,0.7938519813519813,"[1083, 1426, 2201, 3638]",0.7933153584403243,9.99990000099999e-06,1.6823361178152925e-05,True,True,4.774087231172335
HYOU1,0.6031621560444065,"[191, 664, 738, 3375]",0.6021291493695146,9.99990000099999e-06,1.6823361178152925e-05,True,True,4.774087231172335
IARS2,0.5833729514480732,"[952, 2462, 2661, 3364]",0.5822884315902775,9.99990000099999e-06,1.6823361178152925e-05,True,True,4.774087231172335
IBA57,0.5005804182230059,"[395, 2400, 3569, 3592]",0.4992803815218562,9.99990000099999e-06,1.6823361178152925e-05,True,True,4.774087231172335
IDH3A,0.17454970611119688,"[1539, 3338, 3617, 3885]",0.17240098043806262,0.0007399926000739993,0.0009746481482553594,True,True,3.011152137993601
IDH3B,0.08483841428954497,"[731, 1279, 3430, 4143]",0.08245616158597124,0.0025599744002559976,0.002962467485151738,True,True,2.5283464075967506
IER3IP1,0.2803364977930318,"[1972, 2430, 3788, 4000]",0.2784631452063791,0.0006999930000699993,0.0009558525104404128,True,True,3.0196091148822912
IGBP1,1.0,"[34, 511, 1295, 2212]",1.0,9.99990000099999e-06,1.6823361178152925e-05,True,True,4.774087231172335
ILF3,1.0,"[637, 675, 1892, 3312]",1.0,9.99990000099999e-06,1.6823361178152925e-05,True,True,4.774087231172335
IMP4,0.5811831550802139,"[1288, 1903, 2859, 3520]",0.5800929349740697,9.99990000099999e-06,1.6823361178152925e-05,True,True,4.774087231172335
IMPA2,0.14220845886028124,"[882, 1103, 1736, 1773]",0.1399755458426349,0.0015299847001529984,0.0018921152251892114,True,True,2.7230524196572112
IMPDH1,0.19077821194890757,"[837, 2098, 2267, 3486]",0.1886717306209365,0.0007199928000719992,0.0009558525104404128,True,True,3.0196091148822912
IMPDH2,0.8083333333333333,"[1144, 2273, 2291, 2832]",0.8078344067590747,9.99990000099999e-06,1.6823361178152925e-05,True,True,4.774087231172335
INCENP,0.488525703438224,"[423, 574, 2484, 2904]",0.48719428716724184,9.99990000099999e-06,1.6823361178152925e-05,True,True,4.774087231172335
INO80D,0.1338416770431114,"[623, 2289, 3523, 4109]",0.13158698449612793,0.0015399846001539984,0.0018921152251892114,True,True,2.7230524196572112
INO80E,0.22278322253181915,"[993, 1907, 2705, 2772]",0.22076005329231368,0.0006999930000699993,0.0009558525104404128,True,True,3.0196091148822912
INPPL1,0.04601454069849836,"[1739, 2049, 2518, 4163]",0.04353122575709736,0.005329946700532995,0.005901854698267177,True,True,2.2290114868925768
INTS1,0.573430735930736,"[2033, 2166, 3053, 3775]",0.5723203355397476,9.99990000099999e-06,1.6823361178152925e-05,True,True,4.774087231172335
INTS2,0.42472527472527477,"[261, 672, 3028, 3611]",0.4232277798664631,9.99990000099999e-06,1.6823361178152925e-05,True,True,4.774087231172335
INTS5,0.23660968660968662,"[730, 1086, 2014, 2992]",0.23462250897204107,0.0006999930000699993,0.0009558525104404128,True,True,3.0196091148822912
INTS7,0.32977994227994223,"[540, 821, 927, 4098]",0.3280352956848238,0.0006999930000699993,0.0009558525104404128,True,True,3.0196091148822912
INTS10,1.0,"[1771, 2385, 3628, 3850]",1.0,9.99990000099999e-06,1.6823361178152925e-05,True,True,4.774087231172335
INTS11,1.0,"[144, 2180, 3781, 4003]",1.0,9.99990000099999e-06,1.6823361178152925e-05,True,True,4.774087231172335
ITGB1,0.9107142857142858,"[257, 2172, 3352, 4124]",0.9104818665026746,9.99990000099999e-06,1.6823361178152925e-05,True,True,4.774087231172335
ITPR1,0.054241384253356714,"[1217, 1255, 1511, 2347]",0.05177948456867807,0.004549954500454995,0.00510594669838055,True,True,2.2919237231627965
IVL,0.00511455886448333,"[154, 335, 846, 3795]",0.002524777377915262,0.06524934750652493,0.0665118094236573,False,False,1.1771012372204168
IZUMO2,0.002574518427382213,"[1696, 3619, 3828, 3993]",-2.1875026179392407e-05,0.15776842231577684,0.1590394670071426,False,False,0.7984950884060472
JUNB,0.7818181818181817,"[1289, 2003, 2926, 3164]",0.781250233781081,9.99990000099999e-06,1.6823361178152925e-05,True,True,4.774087231172335
KANSL1,0.5136187200208979,"[2052, 2737, 3445, 3625]",0.512352623260184,9.99990000099999e-06,1.6823361178152925e-05,True,True,4.774087231172335
KATNBL1,0.31540722037543084,"[510, 1010, 1153, 1326]",0.3136251602173424,0.0006999930000699993,0.0009558525104404128,True,True,3.0196091148822912
KCNG1,0.09209490555590902,"[1019, 1377, 1894, 2204]",0.08973154218970225,0.0023799762002379974,0.002775366677887745,True,True,2.556679630320361
KCNG4,0.006006803664917442,"[1262, 1402, 1613, 3758]",0.0034193447764798816,0.053049469505304946,0.0543526294522111,False,False,1.2647794409251996
KCTD16,0.21121930903947272,"[647, 1324, 2092, 3997]",0.20916603783260854,0.0007099929000709993,0.0009558525104404128,True,True,3.0196091148822912
KDM4A,0.7570161397892491,"[992, 3034, 3487, 3946]",0.7563836296763355,9.99990000099999e-06,1.6823361178152925e-05,True,True,4.774087231172335
KDM6A,1.0,"[1277, 1521, 2044, 3652]",1.0,9.99990000099999e-06,1.6823361178152925e-05,True,True,4.774087231172335
KIAA1958,0.0024684022617134697,"[278, 3739, 4016, 4043]",-0.00012826742232645183,0.16716832831671682,0.1683455700654261,False,False,0.7737983073807553
KIF11,1.0,"[411, 2284, 3649, 3663]",1.0,9.99990000099999e-06,1.6823361178152925e-05,True,True,4.774087231172335
KIF14,0.4667034123157688,"[78, 348, 1606, 2406]",0.46531519054416637,9.99990000099999e-06,1.6823361178152925e-05,True,True,4.774087231172335
KIF17,0.17969249947445742,"[410, 2666, 3459, 3945]",0.1775571609818876,0.0007199928000719992,0.0009558525104404128,True,True,3.0196091148822912
KIF20A,0.5436230153816752,"[1477, 1622, 2120, 2231]",0.5424350226572956,9.99990000099999e-06,1.6823361178152925e-05,True,True,4.774087231172335
KIF23,0.8194444444444444,"[301, 2136, 2404, 4150]",0.818974441149853,9.99990000099999e-06,1.6823361178152925e-05,True,True,4.774087231172335
KIN,0.1680605091704621,"[61, 1650, 2889, 3502]",0.16589489150011394,0.001019989800101999,0.0013208406078940504,True,True,2.8791495876001933
KLHL7,0.8293219461697722,"[2333, 2386, 3982, 4155]",0.8288776549522141,9.99990000099999e-06,1.6823361178152925e-05,True,True,4.774087231172335
KPNB1,1.0,"[736, 1040, 1280, 3379]",1.0,9.99990000099999e-06,1.6823361178152925e-05,True,True,4.774087231172335
KRAS,0.4133490635321795,"[138, 1995, 2437, 3056]",0.4118219553129576,9.99990000099999e-06,1.6823361178152925e-05,True,True,4.774087231172335
KRI1,0.34226240236317185,"[691, 775, 1017, 2133]",0.3405502487996063,2.999970000299997e-05,5.013305459599828e-05,True,True,4.299875833113434
KRT8,0.7358184539307202,"[504, 2184, 2668, 2831]",0.7351307642241323,9.99990000099999e-06,1.6823361178152925e-05,True,True,4.774087231172335
KRT10,0.18210342319243059,"[706, 2655, 3313, 4105]",0.17997436056374633,0.0007199928000719992,0.0009558525104404128,True,True,3.0196091148822912
KRT18,0.09719226952334331,"[1383, 2032, 2693, 3922]",0.09484217508066013,0.0023599764002359977,0.002775366677887745,True,True,2.556679630320361
KRTAP2-3,0.17520268122033464,"[377, 2922, 2995, 3048]",0.17305565530355313,0.0007399926000739993,0.0009746481482553594,True,True,3.011152137993601
KRTAP2-4,0.2586486315408729,"[1178, 1297, 2123, 2965]",0.2567188233743306,0.0006999930000699993,0.0009558525104404128,True,True,3.0196091148822912
KRTAP4-2,0.1570538928210963,"[903, 2503, 3821, 3892]",0.15485962388089056,0.0015299847001529984,0.0018921152251892114,True,True,2.7230524196572112
LAMTOR1,0.1900985011868508,"[555, 3687, 3790, 3802]",0.18799025050707796,0.0007199928000719992,0.0009558525104404128,True,True,3.0196091148822912
LAMTOR2,0.9166666666666666,"[384, 3389, 3778, 3873]",0.9164497420691629,9.99990000099999e-06,1.6823361178152925e-05,True,True,4.774087231172335
LAMTOR3,1.0,"[1026, 2066, 2460, 3380]",1.0,9.99990000099999e-06,1.6823361178152925e-05,True,True,4.774087231172335
LAMTOR4,0.3608131707633329,"[1896, 2323, 2632, 3127]",0.35914930661539046,9.99990000099999e-06,1.6823361178152925e-05,True,True,4.774087231172335
LARP7,0.5230880453506954,"[143, 2708, 3437, 3820]",0.5218465981450111,9.99990000099999e-06,1.6823361178152925e-05,True,True,4.774087231172335
LARS,1.0,"[3799, 3857, 3936, 3978]",1.0,9.99990000099999e-06,1.6823361178152925e-05,True,True,4.774087231172335
LCE3A,0.04787945083619166,"[635, 1990, 2976, 3731]",0.04540099043336265,0.0052699473005269944,0.0058548471119062384,True,True,2.2324844412103024
LDLR,1.0,"[1042, 1893, 2154, 3509]",1.0,9.99990000099999e-06,1.6823361178152925e-05,True,True,4.774087231172335
LENG8,1.0,"[505, 2321, 2332, 2923]",1.0,9.99990000099999e-06,1.6823361178152925e-05,True,True,4.774087231172335
LIAS,0.5938988095238096,"[1089, 1396, 2876, 4015]",0.5928416894763314,9.99990000099999e-06,1.6823361178152925e-05,True,True,4.774087231172335
LIMD2,0.26187607447478173,"[680, 1550, 1674, 3041]",0.25995466764935227,0.0006999930000699993,0.0009558525104404128,True,True,3.0196091148822912
LIMS1,0.9125,"[459, 543, 2129, 2930]",0.9122722291726211,9.99990000099999e-06,1.6823361178152925e-05,True,True,4.774087231172335
LIN9,0.04227053838316548,"[171, 1389, 2625, 2782]",0.039777477447420787,0.005809941900580994,0.0063629670049032555,True,True,2.1963403287872865
LIN37,0.8348214285714286,"[523, 2541, 2612, 3101]",0.8343914530299479,9.99990000099999e-06,1.6823361178152925e-05,True,True,4.774087231172335
LMX1B,0.018711048174185868,"[1307, 1826, 1982, 3939]",0.01615665964326946,0.014069859301406987,0.014951092527291288,True,True,1.8253270708019174
LRP1B,0.27399689948443146,"[666, 1898, 2264, 3390]",0.27210704432004157,0.0006999930000699993,0.0009558525104404128,True,True,3.0196091148822912
LSM4,0.39969087425983973,"[381, 767, 1071, 2396]",0.3981282124740915,9.99990000099999e-06,1.6823361178152925e-05,True,True,4.774087231172335
LSM5,0.43051196488696486,"[46, 1464, 2331, 2950]",0.4290295333333637,9.99990000099999e-06,1.6823361178152925e-05,True,True,4.774087231172335
LSM6,0.8916666666666667,"[228, 275, 2288, 4194]",0.8913846646899118,9.99990000099999e-06,1.6823361178152925e-05,True,True,4.774087231172335
LTB4R,0.24490770667241255,"[715, 1969, 2488, 2640]",0.2429421295707132,0.0006999930000699993,0.0009558525104404128,True,True,3.0196091148822912
LTN1,0.0527925813149158,"[41, 481, 717, 2217]",0.05032691025830576,0.0045799542004579955,0.0051109633831197925,True,True,2.2914972304840084
LTV1,0.8034722222222223,"[175, 2020, 2709, 3721]",0.8029606417131092,9.99990000099999e-06,1.6823361178152925e-05,True,True,4.774087231172335
LYPD2,0.09160464276588523,"[305, 889, 1536, 1652]",0.0892400031989777,0.0023799762002379974,0.002775366677887745,True,True,2.556679630320361
LYSMD1,0.10687081134236046,"[2355, 2879, 3826, 3833]",0.10454591106513944,0.0023499765002349977,0.002775366677887745,True,True,2.556679630320361
MAD2L2,0.8917748917748918,"[1249, 3132, 3367, 3950]",0.8914931715183934,9.99990000099999e-06,1.6823361178152925e-05,True,True,4.774087231172335
MAFA,0.053314873049068436,"[1102, 2339, 2508, 3094]",0.05085056156754891,0.004569954300456995,0.0051109633831197925,True,True,2.2914972304840084
MANF,0.018165172739948655,"[699, 1357, 1776, 2656]",0.015609363243325937,0.014499855001449985,0.015375375907257875,True,True,1.8131742575068799
MAP2K7,0.8344954320272792,"[465, 1218, 1501, 2072]",0.834064607885769,9.99990000099999e-06,1.6823361178152925e-05,True,True,4.774087231172335
MAP7D1,0.5979477996911399,"[1766, 2903, 3255, 3330]",0.5969012195504099,9.99990000099999e-06,1.6823361178152925e-05,True,True,4.774087231172335
MAPK1,0.8611111111111112,"[1236, 1631, 1694, 2673]",0.8607495701152715,9.99990000099999e-06,1.6823361178152925e-05,True,True,4.774087231172335
MAPRE3,0.2994149485323908,"[3046, 3543, 3567, 3696]",0.29759125896870964,0.0006999930000699993,0.0009558525104404128,True,True,3.0196091148822912
MARS,0.7625661375661376,"[922, 1213, 1248, 2402]",0.7619480746256309,9.99990000099999e-06,1.6823361178152925e-05,True,True,4.774087231172335
MAX,0.5007866155456705,"[221, 2185, 3398, 4156]",0.4994871155957755,9.99990000099999e-06,1.6823361178152925e-05,True,True,4.774087231172335
MBD5,0.012455037935740272,"[2110, 2981, 3154, 4145]",0.00988436441478841,0.022169778302216978,0.02321333481225857,True,True,1.6342624646053978
MBTD1,0.6298083438967417,"[752, 1181, 3167, 4027]",0.6288446997847483,9.99990000099999e-06,1.6823361178152925e-05,True,True,4.774087231172335
MCEE,0.3652174198007531,"[1174, 1917, 3065, 4107]",0.36356502033220767,9.99990000099999e-06,1.6823361178152925e-05,True,True,4.774087231172335
MCM3,1.0,"[593, 965, 1421, 3076]",1.0,9.99990000099999e-06,1.6823361178152925e-05,True,True,4.774087231172335
MCM5,0.9458333333333333,"[1727, 2205, 2261, 3096]",0.9456923323449559,9.99990000099999e-06,1.6823361178152925e-05,True,True,4.774087231172335
MCM7,1.0,"[158, 383, 1032, 4053]",1.0,9.99990000099999e-06,1.6823361178152925e-05,True,True,4.774087231172335
MCRS1,0.8256127450980392,"[304, 1703, 2493, 3713]",0.8251587984770865,9.99990000099999e-06,1.6823361178152925e-05,True,True,4.774087231172335
MCTS1,0.17247277072186723,"[1011, 2771, 2839, 4141]",0.17031863858825252,0.0007699923000769992,0.0010114990713609925,True,True,2.9950345116109043
MDN1,0.9791666666666666,"[202, 249, 836, 3408]",0.9791124355172907,9.99990000099999e-06,1.6823361178152925e-05,True,True,4.774087231172335
MEAF6,1.0,"[1112, 1817, 2500, 2628]",1.0,9.99990000099999e-06,1.6823361178152925e-05,True,True,4.774087231172335
MED6,0.5359271978021978,"[991, 1044, 3484, 3776]",0.5347191721322474,9.99990000099999e-06,1.6823361178152925e-05,True,True,4.774087231172335
MED13L,0.8379895685158842,"[1390, 2962, 3773, 4062]",0.837567839944191,9.99990000099999e-06,1.6823361178152925e-05,True,True,4.774087231172335
MED18,1.0,"[389, 2744, 3264, 3923]",1.0,9.99990000099999e-06,1.6823361178152925e-05,True,True,4.774087231172335
MED21,0.925,"[973, 1175, 1207, 2808]",0.9248047678622466,9.99990000099999e-06,1.6823361178152925e-05,True,True,4.774087231172335
METAP1,0.9037698412698412,"[498, 2683, 3930, 4022]",0.903519345008438,9.99990000099999e-06,1.6823361178152925e-05,True,True,4.774087231172335
METTL3,0.521434300907059,"[1157, 2115, 2378, 3378]",0.5201885488472009,9.99990000099999e-06,1.6823361178152925e-05,True,True,4.774087231172335
METTL7A,0.13234834725227573,"[835, 1566, 1870, 3944]",0.13008976742572645,0.0015399846001539984,0.0018921152251892114,True,True,2.7230524196572112
METTL7B,0.08194851692806564,"[163, 1420, 1527, 1986]",0.07955874154662833,0.003109968900310997,0.0035864963931005857,True,True,2.44532960159344
MEX3C,0.009946126489923705,"[860, 1966, 2551, 3519]",0.007368922033705169,0.028839711602883972,0.030008889100298187,True,True,1.5227500814342074
MFAP1,0.620544733044733,"[182, 1957, 2111, 4086]",0.6195569748720736,9.99990000099999e-06,1.6823361178152925e-05,True,True,4.774087231172335
MGAM,0.22573853870689198,"[1921, 2620, 3182, 4055]",0.22372306243664783,0.0006999930000699993,0.0009558525104404128,True,True,3.0196091148822912
MICOS13,1.0,"[1100, 1895, 2034, 2246]",1.0,9.99990000099999e-06,1.6823361178152925e-05,True,True,4.774087231172335
MIEN1,0.060977575712524185,"[386, 1836, 2308, 3357]",0.0585332109752974,0.003909960900390996,0.004402554399652854,True,True,2.3562952690181325
MIOS,0.008768184324119226,"[170, 779, 2528, 2644]",0.00618791357233829,0.03345966540334597,0.034779984495066786,True,True,1.4586706159419447
MLLT1,0.5219518960747032,"[123, 2605, 3358, 4101]",0.5207074913643259,9.99990000099999e-06,1.6823361178152925e-05,True,True,4.774087231172335
MMP17,0.06377290933440512,"[1483, 1815, 3500, 3661]",0.06133582111662812,0.003879961200387996,0.004402554399652854,True,True,2.3562952690181325
MOB4,0.6085151525405825,"[16, 734, 1344, 3847]",0.607496080225015,9.99990000099999e-06,1.6823361178152925e-05,True,True,4.774087231172335
MRGBP,0.7647546897546897,"[638, 898, 3508, 4057]",0.7641423238238144,9.99990000099999e-06,1.6823361178152925e-05,True,True,4.774087231172335
MRM1,0.04251470459667457,"[674, 2275, 3077, 3835]",0.04002227924882096,0.005699943000569994,0.006249335097010476,True,True,2.2041661873055935
MROH6,0.2054621150529366,"[713, 1760, 1882, 2659]",0.20339385732221302,0.0007099929000709993,0.0009558525104404128,True,True,3.0196091148822912
MRPL20,0.6195526695526695,"[2028, 2792, 3440, 3668]",0.6185623289443255,9.99990000099999e-06,1.6823361178152925e-05,True,True,4.774087231172335
MRPL34,0.8576388888888888,"[102, 852, 1150, 4094]",0.8572683093681532,9.99990000099999e-06,1.6823361178152925e-05,True,True,4.774087231172335
MRPL39,0.21264846587213507,"[48, 281, 1781, 3483]",0.2105989148965192,0.0006999930000699993,0.0009558525104404128,True,True,3.0196091148822912
MRPL40,0.34938016873416033,"[1790, 3439, 3616, 4159]",0.34768654339385663,9.99990000099999e-06,1.6823361178152925e-05,True,True,4.774087231172335
MRPL42,0.4310021665582766,"[75, 1085, 1275, 3383]",0.4295210110462784,9.99990000099999e-06,1.6823361178152925e-05,True,True,4.774087231172335
MRPL52,0.17292832964886906,"[434, 1579, 2056, 2657]",0.17077538337849688,0.0007499925000749992,0.000986521015210347,True,True,3.0058936588226586
MSANTD4,0.007901710449529482,"[5, 263, 3659, 3770]",0.005319184183790631,0.038149618503814965,0.039450173680081385,True,True,1.4039510804612803
MSH3,0.43405310304341227,"[978, 1047, 3245, 3967]",0.4325798894094425,9.99990000099999e-06,1.6823361178152925e-05,True,True,4.774087231172335
MTA2,0.6707104444235146,"[2019, 2397, 2651, 4078]",0.6698532723718471,9.99990000099999e-06,1.6823361178152925e-05,True,True,4.774087231172335
MTBP,0.814484126984127,"[966, 1440, 2784, 3702]",0.8140012115111127,9.99990000099999e-06,1.6823361178152925e-05,True,True,4.774087231172335
MTHFD1,0.10777836892121082,"[728, 816, 1338, 1671]",0.10545583110273983,0.0023499765002349977,0.002775366677887745,True,True,2.556679630320361
MTOR,1.0,"[1563, 2978, 3461, 3707]",1.0,9.99990000099999e-06,1.6823361178152925e-05,True,True,4.774087231172335
MUC13,0.5664502164502164,"[68, 702, 1939, 1960]",0.5653216451026839,9.99990000099999e-06,1.6823361178152925e-05,True,True,4.774087231172335
MUCL1,0.0999556756265626,"[463, 687, 1469, 3419]",0.09761277459295958,0.0023599764002359977,0.002775366677887745,True,True,2.556679630320361
MXRA8,0.08984737273537939,"[1906, 2626, 2860, 2917]",0.08747815882734299,0.0023899761002389975,0.002775366677887745,True,True,2.556679630320361
MYBPHL,0.19274973664679546,"[1485, 2749, 3105, 3503]",0.19064838738524306,0.0007199928000719992,0.0009558525104404128,True,True,3.0196091148822912
MYCL,0.2522120577618257,"[1468, 2694, 3477, 3884]",0.25026549458116754,0.0006999930000699993,0.0009558525104404128,True,True,3.0196091148822912
NACC1,0.2598076718386618,"[2422, 2825, 2852, 3037]",0.2578808807643206,0.0006999930000699993,0.0009558525104404128,True,True,3.0196091148822912
NAE1,0.5471363353675629,"[996, 1287, 3340, 3409]",0.5459574881494693,9.99990000099999e-06,1.6823361178152925e-05,True,True,4.774087231172335
NAMPT,0.13215841351471072,"[219, 1355, 2067, 2897]",0.12989933927256658,0.0015399846001539984,0.0018921152251892114,True,True,2.7230524196572112
NAPA,1.0,"[1572, 1868, 3711, 4103]",1.0,9.99990000099999e-06,1.6823361178152925e-05,True,True,4.774087231172335
NAPG,0.8062932497715106,"[2225, 2279, 2769, 3512]",0.8057890126655858,9.99990000099999e-06,1.6823361178152925e-05,True,True,4.774087231172335
NBEAL1,0.44611487546270157,"[371, 1003, 1994, 3327]",0.4446730597702586,9.99990000099999e-06,1.6823361178152925e-05,True,True,4.774087231172335
NBPF15,0.5033556322899627,"[630, 3311, 3632, 3975]",0.5020628197351465,9.99990000099999e-06,1.6823361178152925e-05,True,True,4.774087231172335
NCAN,0.010397551794476104,"[271, 712, 1640, 3767]",0.007821522441287483,0.02732972670273297,0.02852664904007894,True,True,1.5447492409217887
NCAPG2,1.0,"[394, 462, 1714, 3962]",1.0,9.99990000099999e-06,1.6823361178152925e-05,True,True,4.774087231172335
NCBP2,1.0,"[9, 972, 2248, 3036]",1.0,9.99990000099999e-06,1.6823361178152925e-05,True,True,4.774087231172335
NCDN,0.2644461921736784,"[2826, 3172, 3332, 3926]",0.2625314756092174,0.0006999930000699993,0.0009558525104404128,True,True,3.0196091148822912
NCKIPSD,0.2792915217121768,"[195, 1239, 2318, 3109]",0.2774154489533352,0.0006999930000699993,0.0009558525104404128,True,True,3.0196091148822912
NCL,0.9666666666666667,"[135, 1114, 1450, 4177]",0.9665798968276652,9.99990000099999e-06,1.6823361178152925e-05,True,True,4.774087231172335
NCOA1,0.16458359181444676,"[525, 2305, 3100, 3598]",0.16240892339732252,0.0015299847001529984,0.0018921152251892114,True,True,2.7230524196572112
NCOA4,0.5218163497094561,"[324, 663, 2360, 3001]",0.5205715921589902,9.99990000099999e-06,1.6823361178152925e-05,True,True,4.774087231172335
NDUFC1,0.9479166666666666,"[1424, 2338, 2725, 2783]",0.9477810887932268,9.99990000099999e-06,1.6823361178152925e-05,True,True,4.774087231172335
NEDD8,0.5296294068481696,"[1078, 2359, 2776, 3685]",0.5284049874290049,9.99990000099999e-06,1.6823361178152925e-05,True,True,4.774087231172335
NEK1,0.04306247370141455,"[351, 923, 2216, 4047]",0.04057147424867178,0.005539944600553994,0.0060805751591606885,True,True,2.2160553390437725
NHSL1,0.17140064717511805,"[831, 3204, 3796, 4202]",0.1692437242018771,0.0007899921000789992,0.001032352600755977,True,True,2.986171943785948
NLE1,0.5478174603174604,"[1678, 1852, 3083, 3690]",0.5466403861324339,9.99990000099999e-06,1.6823361178152925e-05,True,True,4.774087231172335
NMT1,0.6449595451355712,"[762, 2536, 2916, 2941]",0.644035341042343,9.99990000099999e-06,1.6823361178152925e-05,True,True,4.774087231172335
NOB1,1.0,"[709, 2162, 2171, 3722]",1.0,9.99990000099999e-06,1.6823361178152925e-05,True,True,4.774087231172335
NOL6,0.6296195652173913,"[2452, 2463, 2466, 2723]",0.6286554296965295,9.99990000099999e-06,1.6823361178152925e-05,True,True,4.774087231172335
NOL7,0.6662878787878788,"[1405, 2856, 3566, 3570]",0.6654191943769661,9.99990000099999e-06,1.6823361178152925e-05,True,True,4.774087231172335
NOL8,0.9791666666666666,"[116, 1656, 1698, 2142]",0.9791124355172907,9.99990000099999e-06,1.6823361178152925e-05,True,True,4.774087231172335
NOL10,0.49466619981325866,"[393, 1188, 3165, 3584]",0.493350767838732,9.99990000099999e-06,1.6823361178152925e-05,True,True,4.774087231172335
NOLC1,0.9791666666666666,"[1665, 1801, 2196, 2736]",0.9791124355172907,9.99990000099999e-06,1.6823361178152925e-05,True,True,4.774087231172335
NOP9,0.02378492891816167,"[1177, 2616, 3300, 3425]",0.021243748181703288,0.01071989280107199,0.011476591116441778,True,True,1.9401870909595522
NOP16,0.7042806210848993,"[2608, 3103, 3605, 3914]",0.7035108353979567,9.99990000099999e-06,1.6823361178152925e-05,True,True,4.774087231172335
NOP56,0.7680555555555555,"[1375, 2079, 2455, 2692]",0.7674517820925033,9.99990000099999e-06,1.6823361178152925e-05,True,True,4.774087231172335
NOP58,0.5402698286521815,"[1243, 2485, 3288, 4012]",0.5390731072636221,9.99990000099999e-06,1.6823361178152925e-05,True,True,4.774087231172335
NPRL2,0.35746299681205757,"[604, 1958, 2836, 4095]",0.3557904118424838,9.99990000099999e-06,1.6823361178152925e-05,True,True,4.774087231172335
NR2C2AP,0.2001193933403481,"[1427, 2993, 3868, 4083]",0.19803722799653958,0.0007199928000719992,0.0009558525104404128,True,True,3.0196091148822912
NR2E1,0.08957069296468577,"[1881, 1925, 3195, 3752]",0.08720075883287462,0.0023899761002389975,0.002775366677887745,True,True,2.556679630320361
NR2F2,0.3084997501195568,"[370, 2957, 3173, 3369]",0.306699709159008,0.0006999930000699993,0.0009558525104404128,True,True,3.0196091148822912
NRAS,0.7815646528881822,"[1591, 3671, 3748, 4114]",0.7809960448911484,9.99990000099999e-06,1.6823361178152925e-05,True,True,4.774087231172335
NSA2,0.3921820971755201,"[245, 1002, 2017, 2292]",0.3905998893284107,9.99990000099999e-06,1.6823361178152925e-05,True,True,4.774087231172335
NTC,0.13196181649829067,"[2, 3, 12, 13, 15, 25, 26, 62, 90, 105, 136, 140, 151, 173, 186, 203, 224, 234, 251, 255, 279, 285, 311, 359, 380, 413, 414, 436, 443, 445, 446, 447, 448, 450, 454, 466, 468, 472, 474, 477, 482, 490, 492, 494, 507, 521, 528, 552, 577, 594, 610, 678, 695, 696, 707, 711, 719, 721, 737, 741, 748, 753, 768, 777, 781, 783, 799, 804, 808, 812, 817, 845, 854, 855, 856, 861, 872, 878, 884, 892, 894, 904, 928, 931, 939, 940, 941, 950, 951, 957, 960, 962, 987, 988, 1000, 1015, 1016, 1020, 1021, 1022, 1025, 1031, 1034, 1035, 1039, 1048, 1075, 1076, 1077, 1081, 1119, 1127, 1132, 1146, 1162, 1168, 1186, 1192, 1193, 1195, 1205, 1210, 1223, 1235, 1240, 1291, 1305, 1319, 1320, 1323, 1345, 1346, 1351, 1353, 1373, 1379, 1416, 1419, 1439, 1448, 1471, 1495, 1496, 1507, 1528, 1558, 1583, 1585, 1596, 1597, 1598, 1602, 1612, 1620, 1621, 1626, 1627, 1634, 1642, 1660, 1663, 1668, 1682, 1684, 1686, 1687, 1691, 1693, 1697, 1712, 1715, 1717, 1720, 1732, 1748, 1755, 1774, 1777, 1778, 1779, 1785, 1789, 1797, 1798, 1809, 1812, 1813, 1814, 1816, 1819, 1820, 1821, 1827, 1831, 1832, 1834, 1835, 1837, 1838, 1840, 1841, 1842, 1843, 1846, 1847, 1849, 1855, 1857, 1858, 1859, 1860]",0.08460795307676643,9.99990000099999e-06,1.6823361178152925e-05,True,True,4.774087231172335
NUDCD1,0.04576309813752075,"[582, 1133, 2741, 3560]",0.04327912866720371,0.005349946500534995,0.00591745463760832,True,True,2.2278650626277607
NUDT21,0.690190440271155,"[484, 701, 1354, 2435]",0.6893839765025909,9.99990000099999e-06,1.6823361178152925e-05,True,True,4.774087231172335
NUFIP2,0.9791666666666666,"[893, 1378, 2335, 2728]",0.9791124355172907,9.99990000099999e-06,1.6823361178152925e-05,True,True,4.774087231172335
NUP37,0.3496291769319795,"[92, 318, 2722, 2870]",0.3479361997837129,9.99990000099999e-06,1.6823361178152925e-05,True,True,4.774087231172335
NUP54,1.0,"[900, 1227, 3871, 4201]",1.0,9.99990000099999e-06,1.6823361178152925e-05,True,True,4.774087231172335
NUP98,0.7902777777777777,"[289, 967, 2457, 3395]",0.78973185087406,9.99990000099999e-06,1.6823361178152925e-05,True,True,4.774087231172335
NUP214,0.6881676619731786,"[1183, 1273, 2366, 3742]",0.687355932720197,9.99990000099999e-06,1.6823361178152925e-05,True,True,4.774087231172335
OAZ1,0.3072779615651483,"[1164, 1983, 3150, 3741]",0.30547474017271475,0.0006999930000699993,0.0009558525104404128,True,True,3.0196091148822912
OGT,1.0,"[542, 1931, 2829, 3845]",1.0,9.99990000099999e-06,1.6823361178152925e-05,True,True,4.774087231172335
OR2T5,0.02905679082641185,"[764, 1018, 2242, 2748]",0.026529333248223978,0.008369916300836992,0.009047825288485778,True,True,2.04345579413246
ORC6,0.5458333333333333,"[2260, 2345, 3289, 3640]",0.5446510942769378,9.99990000099999e-06,1.6823361178152925e-05,True,True,4.774087231172335
OSBPL7,0.5396534021534022,"[557, 2286, 2584, 2780]",0.538455076148001,9.99990000099999e-06,1.6823361178152925e-05,True,True,4.774087231172335
OST4,0.07192057173826304,"[1825, 2324, 2563, 2567]",0.06950469266113667,0.003149968500314997,0.0035994503068667943,True,True,2.443763817822266
OTOP1,0.16875951256199814,"[841, 2522, 3095, 3913]",0.16659571446400231,0.0008699913000869992,0.001130988690113099,True,True,2.946541737997649
P4HB,0.24966304634607372,"[589, 935, 1534, 3575]",0.24770984784611083,0.0006999930000699993,0.0009558525104404128,True,True,3.0196091148822912
PAICS,0.062763764280385,"[778, 1173, 3153, 3349]",0.060324049161992015,0.003909960900390996,0.004402554399652854,True,True,2.3562952690181325
PAN2,0.45505879612650213,"[1945, 2220, 2243, 3399]",0.4536402623107405,9.99990000099999e-06,1.6823361178152925e-05,True,True,4.774087231172335
PARP1,0.12248725269024045,"[732, 1807, 2844, 3302]",0.12020300349606539,0.0015499845001549985,0.0018921152251892114,True,True,2.7230524196572112
PARP12,0.14972753334879882,"[953, 2042, 3538, 4181]",0.14751419319763673,0.0015299847001529984,0.0018921152251892114,True,True,2.7230524196572112
PATL1,0.5403589728262693,"[1582, 1991, 2214, 3959]",0.5391624834884788,9.99990000099999e-06,1.6823361178152925e-05,True,True,4.774087231172335
PCF11,1.0,"[958, 1381, 3385, 3797]",1.0,9.99990000099999e-06,1.6823361178152925e-05,True,True,4.774087231172335
PCID2,0.7519751767198066,"[869, 2461, 2918, 3179]",0.7513295445002748,9.99990000099999e-06,1.6823361178152925e-05,True,True,4.774087231172335
PCYT1A,0.7973861283643893,"[214, 1588, 2898, 3669]",0.7968587051737503,9.99990000099999e-06,1.6823361178152925e-05,True,True,4.774087231172335
PDCD7,0.9125,"[1098, 1979, 2627, 2851]",0.9122722291726211,9.99990000099999e-06,1.6823361178152925e-05,True,True,4.774087231172335
PDGFRA,0.46140873015873013,"[819, 1733, 2290, 3268]",0.46000672582557783,9.99990000099999e-06,1.6823361178152925e-05,True,True,4.774087231172335
PDIA6,0.12404168825541205,"[499, 2382, 2664, 3010]",0.12176148540494884,0.0015499845001549985,0.0018921152251892114,True,True,2.7230524196572112
PDPK1,1.0,"[1268, 1628, 3207, 3608]",1.0,9.99990000099999e-06,1.6823361178152925e-05,True,True,4.774087231172335
PDZK1IP1,0.6162457912457913,"[1233, 2009, 2029, 2475]",0.6152468425184987,9.99990000099999e-06,1.6823361178152925e-05,True,True,4.774087231172335
PEF1,0.41322843822843824,"[502, 585, 606, 3388]",0.4117010160100708,9.99990000099999e-06,1.6823361178152925e-05,True,True,4.774087231172335
PEX19,0.17733991937916072,"[591, 700, 2041, 3271]",0.17519845689670768,0.0007299927000729993,0.0009640141065607814,True,True,3.0159166109553834
PFDN2,1.0,"[112, 880, 2574, 2990]",1.0,9.99990000099999e-06,1.6823361178152925e-05,True,True,4.774087231172335
PFN1,0.7651971276932645,"[1916, 2137, 2516, 3044]",0.7645859134704501,9.99990000099999e-06,1.6823361178152925e-05,True,True,4.774087231172335
PGK1,0.21288145995940475,"[85, 876, 3267, 4092]",0.2108325154895721,0.0006999930000699993,0.0009558525104404128,True,True,3.0196091148822912
PHB,0.8690476190476191,"[1532, 1578, 1985, 3277]",0.868706737537256,9.99990000099999e-06,1.6823361178152925e-05,True,True,4.774087231172335
PHB2,0.9458333333333333,"[1286, 1625, 1699, 3211]",0.945692332344956,9.99990000099999e-06,1.6823361178152925e-05,True,True,4.774087231172335
PHF23,1.0,"[148, 1097, 2814, 3615]",1.0,9.99990000099999e-06,1.6823361178152925e-05,True,True,4.774087231172335
PIAS1,1.0,"[63, 2071, 2421, 3990]",1.0,9.99990000099999e-06,1.6823361178152925e-05,True,True,4.774087231172335
PIGS,0.32344300297160467,"[387, 1072, 3540, 4165]",0.3216818607203798,0.0006999930000699993,0.0009558525104404128,True,True,3.0196091148822912
PIM2,0.5330987456418241,"[1009, 1253, 3924, 3971]",0.5318833572417163,9.99990000099999e-06,1.6823361178152925e-05,True,True,4.774087231172335
PKMYT1,1.0,"[1619, 2582, 2892, 2906]",1.0,9.99990000099999e-06,1.6823361178152925e-05,True,True,4.774087231172335
PLA2G4A,0.018894048907276525,"[253, 328, 1281, 2490]",0.016340136744684538,0.013929860701392986,0.014818055857698596,True,True,1.8292087724470791
PLEKHM2,0.357152424423878,"[2270, 2847, 2888, 3144]",0.3554790310048206,9.99990000099999e-06,1.6823361178152925e-05,True,True,4.774087231172335
PLGLB2,0.5111156204906204,"[518, 1121, 2954, 3925]",0.509843007923609,9.99990000099999e-06,1.6823361178152925e-05,True,True,4.774087231172335
PLOD3,0.07832939357459359,"[427, 1546, 3145, 3730]",0.07593019727063507,0.0031299687003129967,0.0035971282078223993,True,True,2.4440440829050005
POLA1,0.539484126984127,"[150, 1226, 1470, 2578]",0.5382853603393503,9.99990000099999e-06,1.6823361178152925e-05,True,True,4.774087231172335
POLA2,0.40897193084693084,"[79, 334, 2662, 3280]",0.4074334285347574,9.99990000099999e-06,1.6823361178152925e-05,True,True,4.774087231172335
POLE,0.4586426767676767,"[656, 2131, 3261, 3275]",0.45723347213430215,9.99990000099999e-06,1.6823361178152925e-05,True,True,4.774087231172335
POLE2,0.525530303030303,"[22, 3270, 3468, 3591]",0.5242952132537884,9.99990000099999e-06,1.6823361178152925e-05,True,True,4.774087231172335
POLE4,0.07031861519803066,"[2057, 2846, 3097, 3614]",0.06789856607557179,0.003159968400315997,0.0036026519005880556,True,True,2.4433776987314846
POLR1B,0.9479166666666666,"[345, 1541, 2579, 4002]",0.9477810887932268,9.99990000099999e-06,1.6823361178152925e-05,True,True,4.774087231172335
POLR1C,0.7303308823529412,"[2755, 2804, 3006, 3474]",0.7296289079752838,9.99990000099999e-06,1.6823361178152925e-05,True,True,4.774087231172335
POLR1E,0.2894016812495074,"[137, 622, 1056, 3411]",0.28755192619812575,0.0006999930000699993,0.0009558525104404128,True,True,3.0196091148822912
POLR2B,0.6696563852813853,"[945, 3347, 3801, 3991]",0.668796469413456,9.99990000099999e-06,1.6823361178152925e-05,True,True,4.774087231172335
POLR2C,0.8645833333333334,"[300, 442, 2991, 4054]",0.8642308308623897,9.99990000099999e-06,1.6823361178152925e-05,True,True,4.774087231172335
POLR2D,0.8044642857142857,"[2504, 3335, 3433, 3532]",0.8039552876408573,9.99990000099999e-06,1.6823361178152925e-05,True,True,4.774087231172335
POLR2E,0.5012540994473059,"[232, 470, 1445, 2798]",0.49995581640249737,9.99990000099999e-06,1.6823361178152925e-05,True,True,4.774087231172335
POLR2F,0.9666666666666667,"[2439, 3039, 3444, 3933]",0.9665798968276652,9.99990000099999e-06,1.6823361178152925e-05,True,True,4.774087231172335
POLR2H,0.6555555555555556,"[2024, 2645, 3108, 3940]",0.6546589338858734,9.99990000099999e-06,1.6823361178152925e-05,True,True,4.774087231172335
POLR2I,0.0077687285262942034,"[1615, 1862, 2165, 2178]",0.005185856095953275,0.03889961100388996,0.04018422148079861,True,True,1.3959444411688433
POLR2M,0.12276657174435043,"[164, 1909, 1965, 3979]",0.12048304964425602,0.0015499845001549985,0.0018921152251892114,True,True,2.7230524196572112
POLR3A,0.6634615384615384,"[147, 374, 1614, 1673]",0.6625854968177732,9.99990000099999e-06,1.6823361178152925e-05,True,True,4.774087231172335
POLR3B,1.0,"[1367, 3099, 3142, 3677]",1.0,9.99990000099999e-06,1.6823361178152925e-05,True,True,4.774087231172335
POLR3E,0.8041666666666666,"[10, 2282, 2358, 2586]",0.8036568938625328,9.99990000099999e-06,1.6823361178152925e-05,True,True,4.774087231172335
POLR3F,0.24524220448542738,"[493, 2176, 3830, 4113]",0.2432774981133695,0.0006999930000699993,0.0009558525104404128,True,True,3.0196091148822912
POP4,0.2766687247491249,"[367, 512, 2086, 3293]",0.2747858246001768,0.0006999930000699993,0.0009558525104404128,True,True,3.0196091148822912
POU3F1,0.02416232163522561,"[1115, 2102, 2595, 2864]",0.021622123287926225,0.01063989360106399,0.011403140786579285,True,True,1.9429755137148499
PPAN,1.0,"[571, 867, 2711, 3858]",1.0,9.99990000099999e-06,1.6823361178152925e-05,True,True,4.774087231172335
PPAT,0.07191639076601422,"[551, 608, 2047, 3384]",0.0695005008054192,0.003149968500314997,0.0035994503068667943,True,True,2.443763817822266
PPCS,0.1109674240848487,"[1064, 1574, 2095, 3158]",0.1086531876804712,0.0023499765002349977,0.002775366677887745,True,True,2.556679630320361
PPIA,0.36356394487392096,"[1828, 1884, 2179, 2237]",0.3619072412527797,9.99990000099999e-06,1.6823361178152925e-05,True,True,4.774087231172335
PPIAL4D,0.7182539682539681,"[385, 1254, 1299, 1747]",0.7175205565195507,9.99990000099999e-06,1.6823361178152925e-05,True,True,4.774087231172335
PPIE,0.6388961176652016,"[23, 3014, 3870, 3908]",0.6379561298932114,9.99990000099999e-06,1.6823361178152925e-05,True,True,4.774087231172335
PPP1CA,0.8477541371158392,"[682, 1437, 1996, 2269]",0.8473578266455062,9.99990000099999e-06,1.6823361178152925e-05,True,True,4.774087231172335
PPP1R2,0.5026005762871576,"[2122, 2262, 3544, 3854]",0.5013057982497074,9.99990000099999e-06,1.6823361178152925e-05,True,True,4.774087231172335
PPP1R15B,0.626364575641283,"[441, 834, 1639, 2480]",0.6253919670727771,9.99990000099999e-06,1.6823361178152925e-05,True,True,4.774087231172335
PPP2CA,1.0,"[6, 101, 208, 1977]",1.0,9.99990000099999e-06,1.6823361178152925e-05,True,True,4.774087231172335
PPWD1,0.4954550845395218,"[1808, 2341, 2810, 3734]",0.4941417061070158,9.99990000099999e-06,1.6823361178152925e-05,True,True,4.774087231172335
PPY,0.05310584708420847,"[532, 1617, 2055, 2383]",0.050640991488209414,0.004569954300456995,0.0051109633831197925,True,True,2.2914972304840084
PRAMEF6,0.5612133187402004,"[1263, 1700, 2197, 3894]",0.560071115249533,9.99990000099999e-06,1.6823361178152925e-05,True,True,4.774087231172335
PRCC,0.2802505940219243,"[179, 364, 2928, 2974]",0.27837701781957996,0.0006999930000699993,0.0009558525104404128,True,True,3.0196091148822912
PRDM13,0.3618116605616606,"[2648, 2969, 3000, 3655]",0.36015039557768946,9.99990000099999e-06,1.6823361178152925e-05,True,True,4.774087231172335
PREB,0.7853995901639345,"[772, 1688, 2482, 2777]",0.7848409648736006,9.99990000099999e-06,1.6823361178152925e-05,True,True,4.774087231172335
PRELID3B,0.5128392283539458,"[513, 755, 1284, 4040]",0.5115711025022386,9.99990000099999e-06,1.6823361178152925e-05,True,True,4.774087231172335
PRIM1,0.7787698412698413,"[1228, 3377, 3680, 3805]",0.7781939581121824,9.99990000099999e-06,1.6823361178152925e-05,True,True,4.774087231172335
PRKACA,0.3527546282295104,"[426, 770, 2682, 4182]",0.3510697869284206,9.99990000099999e-06,1.6823361178152925e-05,True,True,4.774087231172335
PRKRA,0.17903264510959832,"[657, 1494, 3947, 4041]",0.1768955889533184,0.0007199928000719992,0.0009558525104404128,True,True,3.0196091148822912
PRMT3,0.006717883848731238,"[1517, 2230, 3075, 3333]",0.004132275969685679,0.04651953480465195,0.047809090697594044,True,True,1.3204895162659906
PROS1,0.21326916261126785,"[238, 2791, 4153, 4184]",0.2112212273683357,0.0006999930000699993,0.0009558525104404128,True,True,3.0196091148822912
PRPF4,0.6238481304270778,"[547, 765, 2724, 3402]",0.6228689713121891,9.99990000099999e-06,1.6823361178152925e-05,True,True,4.774087231172335
PRPF6,0.3175251510479891,"[1108, 1651, 2760, 3516]",0.3157486040650048,0.0006999930000699993,0.0009558525104404128,True,True,3.0196091148822912
PRPF39,0.9315476190476191,"[1196, 3187, 3867, 4180]",0.9313694309853838,9.99990000099999e-06,1.6823361178152925e-05,True,True,4.774087231172335
PRRC2A,0.9208333333333333,"[1871, 1970, 2283, 4010]",0.9206272549657047,9.99990000099999e-06,1.6823361178152925e-05,True,True,4.774087231172335
PRSS3,0.055722505524020666,"[288, 1657, 2415, 2750]",0.05326446133896795,0.004539954600453995,0.005100442822732266,True,True,2.2923921166235566
PSMB6,1.0,"[42, 159, 937, 1689]",1.0,9.99990000099999e-06,1.6823361178152925e-05,True,True,4.774087231172335
PSMC2,0.9791666666666666,"[172, 544, 3359, 3909]",0.9791124355172907,9.99990000099999e-06,1.6823361178152925e-05,True,True,4.774087231172335
PSMC6,0.5944444444444444,"[1924, 2105, 2448, 3701]",0.5933887447365929,9.99990000099999e-06,1.6823361178152925e-05,True,True,4.774087231172335
PSMD2,0.6359307359307359,"[704, 2425, 2727, 2758]",0.6349830289878754,9.99990000099999e-06,1.6823361178152925e-05,True,True,4.774087231172335
PSMD4,1.0,"[535, 1961, 1987, 3346]",1.0,9.99990000099999e-06,1.6823361178152925e-05,True,True,4.774087231172335
PSMD11,0.641219539458976,"[2134, 2857, 3709, 3963]",0.6402855997750352,9.99990000099999e-06,1.6823361178152925e-05,True,True,4.774087231172335
PSMD14,0.8513888888888889,"[18, 716, 1165, 3297]",0.8510020400233406,9.99990000099999e-06,1.6823361178152925e-05,True,True,4.774087231172335
PSPC1,0.5812782624176607,"[1376, 3045, 3194, 3578]",0.5801882898849672,9.99990000099999e-06,1.6823361178152925e-05,True,True,4.774087231172335
PSRC1,0.4359987745098039,"[1553, 1934, 2517, 2762]",0.4345306256438308,9.99990000099999e-06,1.6823361178152925e-05,True,True,4.774087231172335
PTDSS1,0.2634460228139142,"[67, 407, 679, 2925]",0.26152870271342354,0.0006999930000699993,0.0009558525104404128,True,True,3.0196091148822912
PTEN,1.0,"[633, 744, 1158, 1530]",1.0,9.99990000099999e-06,1.6823361178152925e-05,True,True,4.774087231172335
PTK2,0.9791666666666666,"[545, 628, 1124, 3601]",0.9791124355172907,9.99990000099999e-06,1.6823361178152925e-05,True,True,4.774087231172335
PTPMT1,0.3035404710455445,"[1872, 3281, 3453, 3855]",0.30172752060959124,0.0006999930000699993,0.0009558525104404128,True,True,3.0196091148822912
PTPRH,0.006382750423147429,"[455, 673, 1565, 3514]",0.003796270159900411,0.04930950690493095,0.050624427089062445,True,False,1.295639878611185
PTPRR,0.507822108904294,"[1080, 1506, 4079, 4123]",0.5065409230131799,9.99990000099999e-06,1.6823361178152925e-05,True,True,4.774087231172335
PUF60,0.3577817775336813,"[533, 1788, 2855, 4175]",0.35611002238066425,9.99990000099999e-06,1.6823361178152925e-05,True,True,4.774087231172335
PUM1,0.9791666666666666,"[1211, 3236, 3259, 3633]",0.9791124355172907,9.99990000099999e-06,1.6823361178152925e-05,True,True,4.774087231172335
PXN,0.867445054945055,"[806, 866, 2293, 4119]",0.8671000018078169,9.99990000099999e-06,1.6823361178152925e-05,True,True,4.774087231172335
QARS,1.0,"[560, 2871, 3112, 3834]",1.0,9.99990000099999e-06,1.6823361178152925e-05,True,True,4.774087231172335
QTRT1,0.15817730273098202,"[2795, 2901, 3900, 4122]",0.15598595813368668,0.0015299847001529984,0.0018921152251892114,True,True,2.7230524196572112
RAB4A,0.22353594953079742,"[47, 1944, 2294, 3996]",0.22151473971130736,0.0006999930000699993,0.0009558525104404128,True,True,3.0196091148822912
RAB5C,0.9791666666666666,"[538, 1203, 1796, 2145]",0.9791124355172907,9.99990000099999e-06,1.6823361178152925e-05,True,True,4.774087231172335
RAB6A,0.09431421908950573,"[915, 2887, 3534, 3906]",0.09195663280763908,0.002369976300236998,0.002775366677887745,True,True,2.556679630320361
RAB7A,1.0,"[473, 1333, 3344, 3681]",1.0,9.99990000099999e-06,1.6823361178152925e-05,True,True,4.774087231172335
RAB10,1.0,"[977, 1099, 1930, 3622]",1.0,9.99990000099999e-06,1.6823361178152925e-05,True,True,4.774087231172335
RAB11A,0.4271100348666906,"[645, 1442, 2371, 3972]",0.42561874776548475,9.99990000099999e-06,1.6823361178152925e-05,True,True,4.774087231172335
RAB14,0.4453252628669759,"[269, 720, 3217, 4025]",0.4438813917377989,9.99990000099999e-06,1.6823361178152925e-05,True,True,4.774087231172335
RABGGTA,1.0,"[1051, 2277, 2317, 2679]",1.0,9.99990000099999e-06,1.6823361178152925e-05,True,True,4.774087231172335
RABGGTB,0.707010582010582,"[2168, 2988, 3504, 3550]",0.7062479026717394,9.99990000099999e-06,1.6823361178152925e-05,True,True,4.774087231172335
RAC1,1.0,"[1187, 1936, 2070, 3434]",1.0,9.99990000099999e-06,1.6823361178152925e-05,True,True,4.774087231172335
RAC3,0.07927063126029892,"[1873, 1880, 2116, 4168]",0.07687388508761392,0.0031199688003119967,0.0035938881117517935,True,True,2.4444354478740093
RAD21,0.5647709887705066,"[206, 357, 3162, 3626]",0.5636380462335115,9.99990000099999e-06,1.6823361178152925e-05,True,True,4.774087231172335
RAE1,1.0,"[981, 1500, 2440, 4013]",1.0,9.99990000099999e-06,1.6823361178152925e-05,True,True,4.774087231172335
RAI14,1.0,"[570, 1929, 3291, 3691]",1.0,9.99990000099999e-06,1.6823361178152925e-05,True,True,4.774087231172335
RANBP1,0.7791416791604198,"[509, 1456, 3192, 4085]",0.778566763932178,9.99990000099999e-06,1.6823361178152925e-05,True,True,4.774087231172335
RANGAP1,1.0,"[1341, 1897, 2234, 2564]",1.0,9.99990000099999e-06,1.6823361178152925e-05,True,True,4.774087231172335
RAP1GAP2,0.33439130314130316,"[956, 2193, 3026, 3529]",0.33265866035737024,0.00034999650003499967,0.0005790851182397267,True,True,3.2372575957459793
RAPGEF1,1.0,"[256, 1130, 3336, 3561]",1.0,9.99990000099999e-06,1.6823361178152925e-05,True,True,4.774087231172335
RARS,0.5531619970642719,"[1497, 2138, 2146, 3253]",0.5519988352170373,9.99990000099999e-06,1.6823361178152925e-05,True,True,4.774087231172335
RBBP8,0.8257505175983437,"[235, 1908, 2320, 2639]",0.8252969296123212,9.99990000099999e-06,1.6823361178152925e-05,True,True,4.774087231172335
RBFA,0.08469831702644487,"[497, 2023, 3644, 3715]",0.08231569963636226,0.0025799742002579973,0.002982164173739325,True,True,2.5254684514979022
RBM5,1.0,"[654, 669, 1138, 4102]",1.0,9.99990000099999e-06,1.6823361178152925e-05,True,True,4.774087231172335
RBM10,1.0,"[1028, 1267, 1465, 3361]",1.0,9.99990000099999e-06,1.6823361178152925e-05,True,True,4.774087231172335
RBM14,0.7989024864024863,"[1242, 2203, 2773, 3637]",0.7983790104361326,9.99990000099999e-06,1.6823361178152925e-05,True,True,4.774087231172335
RBM22,0.5970976126299576,"[567, 2955, 3325, 4173]",0.596048819371395,9.99990000099999e-06,1.6823361178152925e-05,True,True,4.774087231172335
RBM26,0.7553193067209085,"[27, 153, 2944, 3631]",0.7546823795900305,9.99990000099999e-06,1.6823361178152925e-05,True,True,4.774087231172335
RBM28,0.19167907379661395,"[51, 888, 3754, 3938]",0.18957493749776752,0.0007199928000719992,0.0009558525104404128,True,True,3.0196091148822912
RBM42,0.34608569477065804,"[1302, 1455, 1730, 2377]",0.3443834936010921,9.99990000099999e-06,1.6823361178152925e-05,True,True,4.774087231172335
RBMXL1,0.23196298356198247,"[209, 815, 1886, 3497]",0.2299637101140768,0.0006999930000699993,0.0009558525104404128,True,True,3.0196091148822912
RBPJ,0.11196718395193393,"[31, 1310, 1476, 1503]",0.10965555001763766,0.001959980400195998,0.0023637835910797515,True,True,2.6263922864633837
RCL1,0.27214890372785105,"[403, 1189, 2614, 3832]",0.270254238054633,0.0006999930000699993,0.0009558525104404128,True,True,3.0196091148822912
REST,0.600099592046583,"[111, 220, 1406, 2446]",0.5990586132261404,9.99990000099999e-06,1.6823361178152925e-05,True,True,4.774087231172335
REV3L,0.12819844240849934,"[844, 1172, 2456, 3586]",0.12592905998469509,0.0015399846001539984,0.0018921152251892114,True,True,2.7230524196572112
RFWD3,0.11500071104528609,"[295, 2213, 2589, 2790]",0.11269697367071471,0.0015899841001589985,0.0019268451383282778,True,True,2.7151531884437166
RGP1,0.45619658119658113,"[298, 2570, 2890, 3738]",0.45478100914363995,9.99990000099999e-06,1.6823361178152925e-05,True,True,4.774087231172335
RGPD8,0.24992962432711943,"[803, 1805, 3415, 4108]",0.2479771197550114,0.0006999930000699993,0.0009558525104404128,True,True,3.0196091148822912
RHOA,1.0,"[1, 226, 2311, 2553]",1.0,9.99990000099999e-06,1.6823361178152925e-05,True,True,4.774087231172335
RHOF,0.6227232983588916,"[2256, 2698, 3038, 3283]",0.6217412111990791,9.99990000099999e-06,1.6823361178152925e-05,True,True,4.774087231172335
RHOG,0.3489851314653375,"[1723, 1830, 2140, 2697]",0.3472904778054273,9.99990000099999e-06,1.6823361178152925e-05,True,True,4.774087231172335
RHOQ,0.1776106649625839,"[2192, 2491, 3530, 3774]",0.1754699072566514,0.0007299927000729993,0.0009640141065607814,True,True,3.0159166109553834
RICTOR,0.34379909942757164,"[2837, 3123, 3683, 3919]",0.34209094603271234,9.99990000099999e-06,1.6823361178152925e-05,True,True,4.774087231172335
RIOK2,0.5003612733056042,"[87, 949, 3704, 3750]",0.49906066614937855,9.99990000099999e-06,1.6823361178152925e-05,True,True,4.774087231172335
RNF11,0.540903143743373,"[391, 668, 3443, 3525]",0.5397080709342685,9.99990000099999e-06,1.6823361178152925e-05,True,True,4.774087231172335
RNF20,1.0,"[554, 2533, 2789, 3576]",1.0,9.99990000099999e-06,1.6823361178152925e-05,True,True,4.774087231172335
RNF41,0.8295660276890309,"[539, 1492, 2910, 3546]",0.8291223718388966,9.99990000099999e-06,1.6823361178152925e-05,True,True,4.774087231172335
RNF146,1.0,"[1499, 2153, 3688, 4140]",1.0,9.99990000099999e-06,1.6823361178152925e-05,True,True,4.774087231172335
RPA2,0.9305555555555556,"[349, 3107, 3386, 3629]",0.9303747850576357,9.99990000099999e-06,1.6823361178152925e-05,True,True,4.774087231172335
RPF2,0.8416666666666667,"[1013, 1702, 2863, 3890]",0.8412545099314095,9.99990000099999e-06,1.6823361178152925e-05,True,True,4.774087231172335
RPL5,0.5665637467108056,"[2287, 2350, 3106, 3489]",0.565435470893346,9.99990000099999e-06,1.6823361178152925e-05,True,True,4.774087231172335
RPL9,1.0,"[1052, 1163, 3186, 3590]",1.0,9.99990000099999e-06,1.6823361178152925e-05,True,True,4.774087231172335
RPL15,0.3351407273282273,"[4, 2040, 2611, 3368]",0.3334100353667757,0.0001799982000179998,0.0002988029821194325,True,True,3.524615072480631
RPL18,0.6216588966588966,"[291, 886, 3462, 3549]",0.6206740387601598,9.99990000099999e-06,1.6823361178152925e-05,True,True,4.774087231172335
RPL23,0.46055441584025975,"[233, 983, 1557, 4158]",0.45915018764563137,9.99990000099999e-06,1.6823361178152925e-05,True,True,4.774087231172335
RPL26,0.5152457639273055,"[1038, 1204, 3588, 4191]",0.5139839025167258,9.99990000099999e-06,1.6823361178152925e-05,True,True,4.774087231172335
RPL27A,0.6036378654025714,"[757, 2494, 4005, 4200]",0.6026060970444119,9.99990000099999e-06,1.6823361178152925e-05,True,True,4.774087231172335
RPL30,0.607936507936508,"[57, 216, 3397, 3641]",0.6069159293539664,9.99990000099999e-06,1.6823361178152925e-05,True,True,4.774087231172335
RPL32,0.3252893518518518,"[618, 822, 1197, 1441]",0.32353301582247934,0.0006999930000699993,0.0009558525104404128,True,True,3.0196091148822912
RPL34,0.4307539682539682,"[76, 3015, 3126, 3404]",0.4292721666581628,9.99990000099999e-06,1.6823361178152925e-05,True,True,4.774087231172335
RPL35,0.15382233507233506,"[1271, 3178, 3642, 3999]",0.1516196540797618,0.0015299847001529984,0.0018921152251892114,True,True,2.7230524196572112
RPL37A,1.0,"[670, 2543, 3535, 3574]",1.0,9.99990000099999e-06,1.6823361178152925e-05,True,True,4.774087231172335
RPL41,0.37837083376110675,"[400, 1721, 2781, 4142]",0.3767526738809111,9.99990000099999e-06,1.6823361178152925e-05,True,True,4.774087231172335
RPLP1,0.19221188264145694,"[1030, 1637, 1787, 3759]",0.19010913329474108,0.0007199928000719992,0.0009558525104404128,True,True,3.0196091148822912
RPLP2,0.22215742618266726,"[705, 1159, 2751, 2757]",0.22013262793570793,0.0006999930000699993,0.0009558525104404128,True,True,3.0196091148822912
RPRD1A,0.002845898767232709,"[114, 471, 1409, 3118]",0.0002502117425230137,0.13871861281387185,0.1399771486156106,False,False,0.8539428574658294
RPS3A,0.058959372911653055,"[1347, 1725, 3769, 4203]",0.056509754600463154,0.003909960900390996,0.004402554399652854,True,True,2.3562952690181325
RPS4X,0.061203336433003616,"[3257, 3910, 3968, 4089]",0.058759559372417905,0.003909960900390996,0.004402554399652854,True,True,2.3562952690181325
RPS5,0.26215979925903515,"[419, 1435, 1632, 4042]",0.26023913099622126,0.0006999930000699993,0.0009558525104404128,True,True,3.0196091148822912
RPS6,0.5047203817424406,"[537, 891, 3088, 3322]",0.5034311217603324,9.99990000099999e-06,1.6823361178152925e-05,True,True,4.774087231172335
RPS6KA4,0.169237759501171,"[1561, 1824, 2114, 2678]",0.16707520632547265,0.0008299917000829991,0.0010803923170131108,True,True,2.966418512869143
RPS8,0.4299363942509104,"[293, 1900, 2607, 2696]",0.42845246443216645,9.99990000099999e-06,1.6823361178152925e-05,True,True,4.774087231172335
RPS9,0.3742998163304624,"[2459, 2617, 2806, 3876]",0.37267105920445587,9.99990000099999e-06,1.6823361178152925e-05,True,True,4.774087231172335
RPS10,0.17951085875925712,"[1266, 1400, 3493, 3825]",0.17737504743861887,0.0007199928000719992,0.0009558525104404128,True,True,3.0196091148822912
RPS14,0.7420138888888889,"[1230, 1649, 1667, 3446]",0.7413423264891168,9.99990000099999e-06,1.6823361178152925e-05,True,True,4.774087231172335
RPS16,0.5249298105276365,"[321, 424, 1005, 2035]",0.5236931576119886,9.99990000099999e-06,1.6823361178152925e-05,True,True,4.774087231172335
RPS19BP1,0.4067725005225005,"[28, 1575, 1655, 2253]",0.4052282728838727,9.99990000099999e-06,1.6823361178152925e-05,True,True,4.774087231172335
RPS25,0.23042978546675527,"[609, 2236, 2977, 3241]",0.2284265209582932,0.0006999930000699993,0.0009558525104404128,True,True,3.0196091148822912
RPS27A,0.2260108652454334,"[989, 1538, 2124, 2801]",0.22399609786708638,0.0006999930000699993,0.0009558525104404128,True,True,3.0196091148822912
RPS28,0.22972831613488306,"[2038, 2546, 3878, 4097]",0.22772322563499126,0.0006999930000699993,0.0009558525104404128,True,True,3.0196091148822912
RPS29,0.49496673350840015,"[353, 1212, 1905, 1947]",0.4936520838516838,9.99990000099999e-06,1.6823361178152925e-05,True,True,4.774087231172335
RPSA,0.0973725084475207,"[1434, 3282, 3851, 4120]",0.0950228831839105,0.0023599764002359977,0.002775366677887745,True,True,2.556679630320361
RPTOR,1.0,"[2080, 2405, 3285, 3899]",1.0,9.99990000099999e-06,1.6823361178152925e-05,True,True,4.774087231172335
RRM1,1.0,"[1690, 2121, 3022, 3843]",1.0,9.99990000099999e-06,1.6823361178152925e-05,True,True,4.774087231172335
RRN3,0.5014637919504275,"[536, 948, 2572, 3436]",0.500166054755161,9.99990000099999e-06,1.6823361178152925e-05,True,True,4.774087231172335
RRP7A,0.6898809523809524,"[629, 2467, 2515, 2756]",0.6890736829859563,9.99990000099999e-06,1.6823361178152925e-05,True,True,4.774087231172335
RRS1,0.19656000511415062,"[1384, 2257, 3304, 3831]",0.1944685743440422,0.0007199928000719992,0.0009558525104404128,True,True,3.0196091148822912
RSL24D1,0.44798766063772555,"[1073, 2472, 2597, 3410]",0.4465507199833263,9.99990000099999e-06,1.6823361178152925e-05,True,True,4.774087231172335
RTTN,0.0045212207912018135,"[45, 823, 2388, 3218]",0.0019298947891609821,0.07592924070759292,0.0772410263702241,False,False,1.1121519639972106
RXRA,1.0,"[758, 769, 1259, 1692]",1.0,9.99990000099999e-06,1.6823361178152925e-05,True,True,4.774087231172335
S100B,0.010708559165448212,"[1180, 1710, 2671, 2746]",0.008133339394044816,0.026399736002639975,0.027584692837831538,True,True,1.559331847652499
SACM1L,0.60159352296604,"[336, 418, 1176, 3219]",0.6005564329899581,9.99990000099999e-06,1.6823361178152925e-05,True,True,4.774087231172335
SALL3,0.005389689664268609,"[1863, 2483, 2643, 2853]",0.002800624369356593,0.06120938790612094,0.06245728572275949,False,False,1.204416893324547
SAMM50,0.5004602027288428,"[103, 597, 899, 1151]",0.49915985309532096,9.99990000099999e-06,1.6823361178152925e-05,True,True,4.774087231172335
SARS,1.0,"[326, 2206, 3937]",1.0,9.99990000099999e-06,1.6823361178152925e-05,True,True,4.774087231172335
SCAF4,1.0,"[2130, 2247, 2384, 3747]",1.0,9.99990000099999e-06,1.6823361178152925e-05,True,True,4.774087231172335
SCAF8,0.7092587404793944,"[347, 1117, 1143, 1935]",0.7085019133110035,9.99990000099999e-06,1.6823361178152925e-05,True,True,4.774087231172335
SCAP,0.9138888888888889,"[1398, 2021, 2566, 2959]",0.9136647334714684,9.99990000099999e-06,1.6823361178152925e-05,True,True,4.774087231172335
SCN8A,0.03511231804826216,"[322, 1082, 3032, 3777]",0.03260062358373757,0.006939930600693993,0.007550946229668139,True,True,2.121998622334486
SCN10A,0.31728712768521045,"[237, 2800, 3143, 3903]",0.3155099611047602,0.0006999930000699993,0.0009558525104404128,True,True,3.0196091148822912
SCYL1,0.41887323366741797,"[575, 1605, 1616, 2109]",0.41736050538879366,9.99990000099999e-06,1.6823361178152925e-05,True,True,4.774087231172335
SDC1,0.6094752573733598,"[1408, 2199, 2356, 2968]",0.6084586843020453,9.99990000099999e-06,1.6823361178152925e-05,True,True,4.774087231172335
SEC16A,0.9375,"[620, 3511, 3956, 4046]",0.9373373065518722,9.99990000099999e-06,1.6823361178152925e-05,True,True,4.774087231172335
SEC22A,0.06033544134490884,"[522, 685, 3765, 3818]",0.057889405070811195,0.003909960900390996,0.004402554399652854,True,True,2.3562952690181325
SEC22C,0.1329895089901932,"[746, 1257, 3836, 4001]",0.13073259816866714,0.0015399846001539984,0.0018921152251892114,True,True,2.7230524196572112
SEC23B,0.12128051565775971,"[749, 2658, 2732, 3755]",0.11899312521224388,0.0015499845001549985,0.0018921152251892114,True,True,2.7230524196572112
SEC23IP,0.5355755689604477,"[167, 825, 1309, 3941]",0.5343666279671577,9.99990000099999e-06,1.6823361178152925e-05,True,True,4.774087231172335
SEC24A,0.4737987864122165,"[3215, 3298, 3609, 3872]",0.4724290345746543,9.99990000099999e-06,1.6823361178152925e-05,True,True,4.774087231172335
SEC61A1,1.0,"[176, 912, 2187, 2672]",1.0,9.99990000099999e-06,1.6823361178152925e-05,True,True,4.774087231172335
SEC61B,0.2024105333014355,"[583, 2372, 3552, 4193]",0.2003343320129936,0.0007199928000719992,0.0009558525104404128,True,True,3.0196091148822912
SEC61G,0.6838383838383838,"[596, 3237, 3762, 3905]",0.6830153850623999,9.99990000099999e-06,1.6823361178152925e-05,True,True,4.774087231172335
SEC63,0.7543650793650793,"[127, 222, 3049, 3865]",0.7537256682895801,9.99990000099999e-06,1.6823361178152925e-05,True,True,4.774087231172335
SEL1L,0.3919955365853559,"[337, 879, 943, 1045]",0.39041284310327534,9.99990000099999e-06,1.6823361178152925e-05,True,True,4.774087231172335
SERINC3,0.07376308720424143,"[920, 1968, 3061, 3587]",0.0713520043702253,0.003149968500314997,0.0035994503068667943,True,True,2.443763817822266
SETD1B,0.6974644319432975,"[1556, 1915, 2734, 4026]",0.6966769030673223,9.99990000099999e-06,1.6823361178152925e-05,True,True,4.774087231172335
SF3B3,0.6333333333333333,"[126, 534, 681, 1535]",0.6323788651043167,9.99990000099999e-06,1.6823361178152925e-05,True,True,4.774087231172335
SF3B5,0.7,"[1272, 1425, 2552, 3915]",0.6992190714489864,9.99990000099999e-06,1.6823361178152925e-05,True,True,4.774087231172335
SH3GL1,0.5721362279393072,"[2477, 2562, 3084, 3122]",0.5710224578208187,9.99990000099999e-06,1.6823361178152925e-05,True,True,4.774087231172335
SH3KBP1,0.0037502419592323724,"[2151, 2895, 3019, 3883]",0.0011569090259178345,0.0968090319096809,0.09808283496112408,False,False,1.0084069899078465
SIGLEC14,0.1307533831668468,"[422, 1488, 2479, 2885]",0.12849065149699035,0.0015399846001539984,0.0018921152251892114,True,True,2.7230524196572112
SKA3,0.5098037160983879,"[902, 1363, 3594, 4161]",0.5085276885193896,9.99990000099999e-06,1.6823361178152925e-05,True,True,4.774087231172335
SKAP1,0.1617393175706108,"[11, 961, 2398, 3027]",0.15955724523694015,0.0015299847001529984,0.0018921152251892114,True,True,2.7230524196572112
SKP2,0.8825757575757576,"[132, 1999, 3213, 3848]",0.8822700910974568,9.99990000099999e-06,1.6823361178152925e-05,True,True,4.774087231172335
SLC2A1,1.0,"[1734, 2251, 3859, 4050]",1.0,9.99990000099999e-06,1.6823361178152925e-05,True,True,4.774087231172335
SLC2A8,0.11994956053464338,"[457, 800, 2265, 2410]",0.11765870548627504,0.0015599844001559983,0.0018996890323067573,True,True,2.7213174846293744
SLC4A1,0.07115487379593838,"[1241, 2319, 2685, 4134]",0.06873700153419664,0.003159968400315997,0.0036026519005880556,True,True,2.4433776987314846
SLC5A3,0.28700971157106525,"[693, 2065, 2702, 2720]",0.2851537299949668,0.0006999930000699993,0.0009558525104404128,True,True,3.0196091148822912
SLC25A24,0.15221238335415765,"[1567, 1679, 2953, 3424]",0.1500055115040428,0.0015299847001529984,0.0018921152251892114,True,True,2.7230524196572112
SLC35B1,0.13827361116505146,"[217, 2660, 4125, 4199]",0.13603045536437477,0.0015399846001539984,0.0018921152251892114,True,True,2.7230524196572112
SLC35B2,0.2722775426730964,"[1413, 2043, 2489, 3365]",0.27038321185929537,0.0006999930000699993,0.0009558525104404128,True,True,3.0196091148822912
SLC35C1,0.2599848413747356,"[792, 1238, 1949, 3877]",0.258058511489558,0.0006999930000699993,0.0009558525104404128,True,True,3.0196091148822912
SLC38A2,0.7367424242424243,"[873, 1593, 2805, 3070]",0.7360571397184918,9.99990000099999e-06,1.6823361178152925e-05,True,True,4.774087231172335
SLC38A6,0.010371254981134653,"[926, 2083, 3239, 3442]",0.007795157174838235,0.027429725702742973,0.02860120357129762,True,True,1.5436156908788248
SLC39A7,0.8619505494505495,"[1321, 2526, 2920, 3435]",0.8615911935925968,9.99990000099999e-06,1.6823361178152925e-05,True,True,4.774087231172335
SLC39A9,0.3087681487535189,"[1904, 2233, 3260, 3393]",0.30696880646015784,0.0006999930000699993,0.0009558525104404128,True,True,3.0196091148822912
SLU7,1.0,"[283, 2147, 3610, 4183]",1.0,9.99990000099999e-06,1.6823361178152925e-05,True,True,4.774087231172335
SMARCC1,0.8027777777777778,"[1024, 3400, 3789, 3964]",0.8022643895636856,9.99990000099999e-06,1.6823361178152925e-05,True,True,4.774087231172335
SMARCD1,0.3177981262662502,"[1745, 2144, 2326, 4204]",0.31602228986373815,0.0006999930000699993,0.0009558525104404128,True,True,3.0196091148822912
SMC1A,1.0,"[661, 1989, 3059, 4112]",1.0,9.99990000099999e-06,1.6823361178152925e-05,True,True,4.774087231172335
SMC2,0.712931166056166,"[489, 1160, 3296, 3565]",0.7121838985610563,9.99990000099999e-06,1.6823361178152925e-05,True,True,4.774087231172335
SMC3,0.5011904761904762,"[284, 352, 3331, 3337]",0.4998920275282751,9.99990000099999e-06,1.6823361178152925e-05,True,True,4.774087231172335
SMU1,1.0,"[1547, 3233, 3299, 3318]",1.0,9.99990000099999e-06,1.6823361178152925e-05,True,True,4.774087231172335
SNAPC2,0.28637082677472947,"[1395, 1467, 2535, 2830]",0.2845131821207035,0.0006999930000699993,0.0009558525104404128,True,True,3.0196091148822912
SNRNP40,0.38872984715121234,"[690, 1201, 3266, 3695]",0.38713865276873893,9.99990000099999e-06,1.6823361178152925e-05,True,True,4.774087231172335
SNRNP70,0.8405555555555555,"[239, 2581, 2615, 3653]",0.8401405064923317,9.99990000099999e-06,1.6823361178152925e-05,True,True,4.774087231172335
SNRNP200,1.0,"[2141, 2935, 3012, 3743]",1.0,9.99990000099999e-06,1.6823361178152925e-05,True,True,4.774087231172335
SNRPB2,0.5415629905517438,"[250, 1432, 1514, 3242]",0.5403696353866791,9.99990000099999e-06,1.6823361178152925e-05,True,True,4.774087231172335
SNRPC,0.18654574137313243,"[1331, 2418, 2838, 2952]",0.1844282425214482,0.0007199928000719992,0.0009558525104404128,True,True,3.0196091148822912
SNRPD1,0.4944781200450784,"[122, 1411, 3018, 3501]",0.4931621984810156,9.99990000099999e-06,1.6823361178152925e-05,True,True,4.774087231172335
SNRPD2,0.7495791245791246,"[392, 2622, 3829, 3943]",0.748927255207838,9.99990000099999e-06,1.6823361178152925e-05,True,True,4.774087231172335
SNRPD3,1.0,"[53, 312, 1292, 2027]",1.0,9.99990000099999e-06,1.6823361178152925e-05,True,True,4.774087231172335
SNRPG,0.4459426562022877,"[1487, 1533, 3961, 3992]",0.44450039220671983,9.99990000099999e-06,1.6823361178152925e-05,True,True,4.774087231172335
SNX32,0.1168452777270232,"[611, 2893, 2999, 3220]",0.11454634193507188,0.0015699843001569984,0.0019095434805068716,True,True,2.7190704482468218
SOCS1,0.010199070574610272,"[204, 774, 1865, 3793]",0.007622524555916874,0.02799972000279997,0.029165161001875932,True,True,1.535135621770112
SON,1.0,"[252, 2560, 2817, 3011]",1.0,9.99990000099999e-06,1.6823361178152925e-05,True,True,4.774087231172335
SPATA31A3,0.11479994412741316,"[646, 750, 1607, 2006]",0.11249568413744757,0.0016099839001609984,0.001948722955333929,True,True,2.710249898964483
SPATA31A5,0.03151879431799728,"[415, 1084, 1397, 3082]",0.028997745569206985,0.007699923000769993,0.008359677791508419,True,True,2.0778104613249333
SPCS2,0.32312823557779535,"[104, 1754, 2764, 2787]",0.321366273957088,0.0006999930000699993,0.0009558525104404128,True,True,3.0196091148822912
SPCS3,0.9259259259259259,"[129, 2408, 2996, 3595]",0.9257331040614781,9.99990000099999e-06,1.6823361178152925e-05,True,True,4.774087231172335
SPEN,0.7793098330889028,"[306, 2391, 3231, 3647]",0.7787353555813401,9.99990000099999e-06,1.6823361178152925e-05,True,True,4.774087231172335
SPHK2,0.24283451394412978,"[773, 1919, 3449, 4104]",0.24086354012445288,0.0006999930000699993,0.0009558525104404128,True,True,3.0196091148822912
SPRR2A,0.3442152000046737,"[2030, 2835, 2868, 3861]",0.34250812975921685,9.99990000099999e-06,1.6823361178152925e-05,True,True,4.774087231172335
SPRR2B,0.45466269841269835,"[1332, 1407, 2704, 2753]",0.45324313351689105,9.99990000099999e-06,1.6823361178152925e-05,True,True,4.774087231172335
SRP19,0.6479591173507523,"[1336, 1526, 3269, 3646]",0.6470427214294696,9.99990000099999e-06,1.6823361178152925e-05,True,True,4.774087231172335
SRP54,1.0,"[88, 177, 1757, 4037]",1.0,9.99990000099999e-06,1.6823361178152925e-05,True,True,4.774087231172335
SRP68,0.03959552547145603,"[2327, 2834, 3951, 4190]",0.03709550122252106,0.0061199388006119935,0.006680543881584085,True,True,2.175188178968246
SRP72,0.19340261170205142,"[2337, 2514, 2538, 3800]",0.19130296193640203,0.0007199928000719992,0.0009558525104404128,True,True,3.0196091148822912
SRPRA,1.0,"[694, 1298, 3086, 3417]",1.0,9.99990000099999e-06,1.6823361178152925e-05,True,True,4.774087231172335
SRPRB,0.19751909017903416,"[708, 1095, 2743, 3450]",0.1954301559986258,0.0007199928000719992,0.0009558525104404128,True,True,3.0196091148822912
SRSF3,1.0,"[1123, 2465, 3020, 3542]",1.0,9.99990000099999e-06,1.6823361178152925e-05,True,True,4.774087231172335
SRSF7,1.0,"[193, 244, 782, 1933]",1.0,9.99990000099999e-06,1.6823361178152925e-05,True,True,4.774087231172335
SRSF8,0.008670118607420986,"[851, 2054, 2602, 3579]",0.006089592581246565,0.033899661003389966,0.03512790959046931,True,True,1.454347693656197
SSBP3,0.21251574757100283,"[2486, 2985, 3310, 3583]",0.21046585111701832,0.0006999930000699993,0.0009558525104404128,True,True,3.0196091148822912
SSX2IP,0.051913658898900525,"[1761, 2636, 3040, 3495]",0.04944569992359451,0.0045799542004579955,0.0051109633831197925,True,True,2.2914972304840084
STAT5B,0.14521780051671357,"[1370, 3146, 3193, 3256]",0.14299272110179806,0.0015299847001529984,0.0018921152251892114,True,True,2.7230524196572112
STK40,1.0,"[313, 1654, 1848, 3958]",1.0,9.99990000099999e-06,1.6823361178152925e-05,True,True,4.774087231172335
STMN1,0.13260597279762407,"[739, 740, 1941, 2177]",0.1303480635948876,0.0015399846001539984,0.0018921152251892114,True,True,2.7230524196572112
STT3A,0.27909169427497466,"[323, 2684, 3308, 3478]",0.27721510134629646,0.0006999930000699993,0.0009558525104404128,True,True,3.0196091148822912
STT3B,0.6516633421642016,"[119, 1573, 3287, 3485]",0.6507565886926396,9.99990000099999e-06,1.6823361178152925e-05,True,True,4.774087231172335
STX5,0.12594506680083672,"[1744, 2674, 3326, 3703]",0.12366981862587188,0.0015499845001549985,0.0018921152251892114,True,True,2.7230524196572112
STX8,0.2118028182259723,"[1058, 1364, 2031, 2376]",0.20975106594905313,0.0006999930000699993,0.0009558525104404128,True,True,3.0196091148822912
STXBP1,0.012451646528800523,"[396, 2367, 2506, 3897]",0.009880964179693637,0.02220977790222098,0.023230917116116193,True,True,1.6339336446721555
STXBP3,0.4015712498767623,"[274, 1245, 2150, 3319]",0.40001348288770033,9.99990000099999e-06,1.6823361178152925e-05,True,True,4.774087231172335
SUV39H1,0.6103939288153497,"[342, 1110, 1902, 3323]",0.6093797471332287,9.99990000099999e-06,1.6823361178152925e-05,True,True,4.774087231172335
SYPL2,0.15865181321570773,"[1116, 2025, 2090, 2194]",0.15646170381436333,0.0015299847001529984,0.0018921152251892114,True,True,2.7230524196572112
SYVN1,0.8624999999999999,"[1706, 2107, 3063, 3463]",0.8621420744141187,9.99990000099999e-06,1.6823361178152925e-05,True,True,4.774087231172335
TAB2,0.008466791711138483,"[183, 881, 2417, 2824]",0.005885736405702409,0.035009649903500965,0.03624059933133864,True,True,1.4408046287617549
TAF1B,0.3401322956083018,"[60, 2529, 3472, 3988]",0.338414597174131,2.999970000299997e-05,5.013305459599828e-05,True,True,4.299875833113434
TAF6,1.0,"[192, 2235, 2304, 2867]",1.0,9.99990000099999e-06,1.6823361178152925e-05,True,True,4.774087231172335
TAF12,0.8571428571428572,"[343, 524, 1942, 3634]",0.8567709864042794,9.99990000099999e-06,1.6823361178152925e-05,True,True,4.774087231172335
TARDBP,0.9171091445427729,"[388, 1301, 2249, 3791]",0.9168933717572912,9.99990000099999e-06,1.6823361178152925e-05,True,True,4.774087231172335
TARS,0.12692715803302862,"[1772, 2848, 3244, 4028]",0.12465446633500683,0.0015399846001539984,0.0018921152251892114,True,True,2.7230524196572112
TAS2R40,0.04102074550650083,"[356, 1680, 1768, 4100]",0.038524431240955344,0.006019939800601994,0.006578558668561786,True,True,2.1818692478538115
TBC1D3B,0.14637991879426349,"[1889, 3003, 3496, 3994]",0.1441578644838233,0.0015299847001529984,0.0018921152251892114,True,True,2.7230524196572112
TBC1D3G,0.4552569286908532,"[118, 1822, 3073, 3198]",0.4538389106330128,9.99990000099999e-06,1.6823361178152925e-05,True,True,4.774087231172335
TBL3,0.8937499999999999,"[1750, 2568, 3314, 3692]",0.8934734211381827,9.99990000099999e-06,1.6823361178152925e-05,True,True,4.774087231172335
TBP,1.0,"[476, 1529, 3228, 3454]",1.0,9.99990000099999e-06,1.6823361178152925e-05,True,True,4.774087231172335
TBPL1,0.26372341237597463,"[1191, 1350, 3025, 3612]",0.2618068143469132,0.0006999930000699993,0.0009558525104404128,True,True,3.0196091148822912
TCP1,0.8972222222222223,"[113, 329, 1185, 2436]",0.8969546818853009,9.99990000099999e-06,1.6823361178152925e-05,True,True,4.774087231172335
TEFM,0.30029128512675696,"[1874, 2259, 2426, 3921]",0.29846987675063197,0.0006999930000699993,0.0009558525104404128,True,True,3.0196091148822912
TELO2,0.29530051169338334,"[1599, 1742, 1901, 3363]",0.2934661118590391,0.0006999930000699993,0.0009558525104404128,True,True,3.0196091148822912
TERF1,0.1255401290006835,"[160, 556, 3353, 3547]",0.1232638267340869,0.0015499845001549985,0.0018921152251892114,True,True,2.7230524196572112
TERF2,0.5023967953401587,"[59, 1839, 2939, 3624]",0.5011014868415098,9.99990000099999e-06,1.6823361178152925e-05,True,True,4.774087231172335
TERF2IP,0.008705163049278722,"[703, 1845, 3559, 4063]",0.006124728247121638,0.03370966290337097,0.03496722545727911,True,True,1.4563388262666064
TFIP11,1.0,"[338, 1221, 1463, 2934]",1.0,9.99990000099999e-06,1.6823361178152925e-05,True,True,4.774087231172335
TGFBR1,0.5012459005042226,"[677, 3016, 3221, 3234]",0.49994759611678485,9.99990000099999e-06,1.6823361178152925e-05,True,True,4.774087231172335
THG1L,0.12685789170889356,"[39, 194, 954, 1224]",0.12458501970403797,0.0015399846001539984,0.0018921152251892114,True,True,2.7230524196572112
THOC3,0.7558263797394232,"[379, 464, 3067, 3875]",0.7551907725678705,9.99990000099999e-06,1.6823361178152925e-05,True,True,4.774087231172335
THOC7,0.8752880184331797,"[339, 408, 1362, 3494]",0.8749633812763163,9.99990000099999e-06,1.6823361178152925e-05,True,True,4.774087231172335
THRA,0.2480792759658852,"[2407, 2942, 3303, 3902]",0.24612195476089516,0.0006999930000699993,0.0009558525104404128,True,True,3.0196091148822912
TICAM1,0.028252368951034376,"[91, 864, 1057, 1695]",0.025722817386148032,0.00881991180088199,0.009523982430078612,True,True,2.0211814144564633
TIMELESS,0.8794642857142857,"[2451, 2654, 3137, 4033]",0.8791505197786107,9.99990000099999e-06,1.6823361178152925e-05,True,True,4.774087231172335
TIMM17B,0.09148163101147681,"[180, 890, 1300, 1780]",0.08911667123326553,0.0023799762002379974,0.002775366677887745,True,True,2.556679630320361
TIMM23,0.7409814829427391,"[369, 402, 1037, 3227]",0.7403072330920352,9.99990000099999e-06,1.6823361178152925e-05,True,True,4.774087231172335
TIMM44,0.9375,"[265, 437, 896, 1029]",0.9373373065518722,9.99990000099999e-06,1.6823361178152925e-05,True,True,4.774087231172335
TIPARP,1.0,"[2191, 2454, 3839, 4056]",1.0,9.99990000099999e-06,1.6823361178152925e-05,True,True,4.774087231172335
TIPIN,0.6203199254741265,"[1161, 2189, 2198, 3301]",0.6193315821059658,9.99990000099999e-06,1.6823361178152925e-05,True,True,4.774087231172335
TLR2,0.014724616674600387,"[64, 2126, 3316, 3720]",0.01215985108310169,0.018369816301836983,0.019295053639180295,True,True,1.714554009776304
TLR3,0.0015279154399337267,"[428, 1531, 2416, 2726]",-0.0010712024208094607,0.3228567714322857,0.32350313133505304,False,False,0.49012151123963055
TM2D2,1.0,"[496, 1510, 3183, 3342]",1.0,9.99990000099999e-06,1.6823361178152925e-05,True,True,4.774087231172335
TM7SF3,0.5576677884381802,"[341, 1352, 2650, 3243]",0.5565163555947082,9.99990000099999e-06,1.6823361178152925e-05,True,True,4.774087231172335
TMA16,0.2439162937560264,"[686, 843, 2258, 3292]",0.2419481359121529,0.0006999930000699993,0.0009558525104404128,True,True,3.0196091148822912
TMED2,0.6876847054308194,"[100, 1136, 2433, 2441]",0.6868717189959951,9.99990000099999e-06,1.6823361178152925e-05,True,True,4.774087231172335
TMED4,0.34327175070944926,"[602, 1560, 2701, 3104]",0.3415622245756888,1.999980000199998e-05,3.359026812416439e-05,True,True,4.473786529520041
TMED10,0.2977001886353771,"[1770, 2309, 2336, 3498]",0.2958720353884903,0.0006999930000699993,0.0009558525104404128,True,True,3.0196091148822912
TMEM63B,0.0957564798499924,"[2202, 2307, 2880, 3169]",0.09340264791014533,0.0023599764002359977,0.002775366677887745,True,True,2.556679630320361
TMEM167A,0.07217179864673483,"[1260, 2063, 3328, 3548]",0.0697565735371605,0.003149968500314997,0.0035994503068667943,True,True,2.443763817822266
TMOD4,0.17679291927875299,"[96, 598, 2354, 3666]",0.17465003290298056,0.0007299927000729993,0.0009640141065607814,True,True,3.0159166109553834
TMX2,0.0056098104104636065,"[1878, 2733, 3249, 3467]",0.0030213181108028372,0.05817941820581794,0.05948682086212846,False,False,1.2255792403358832
TNFRSF1A,0.021154664566104184,"[642, 2254, 2299, 3138]",0.01860663700121502,0.012449875501244987,0.013271912009314412,True,True,1.8770665062781415
TNRC6A,0.5005454879430707,"[559, 1105, 2947, 3403]",0.49924536031507816,9.99990000099999e-06,1.6823361178152925e-05,True,True,4.774087231172335
TOMM20,1.0,"[1461, 2076, 2765, 4067]",1.0,9.99990000099999e-06,1.6823361178152925e-05,True,True,4.774087231172335
TONSL,0.17205871754742894,"[605, 1569, 1724, 3708]",0.16990350759399567,0.0007899921000789992,0.001032352600755977,True,True,2.986171943785948
TOR2A,0.031145471791331023,"[1179, 2937, 2960, 3648]",0.028623451248474697,0.007859921400785992,0.00852414011071157,True,True,2.06934942043029
TPT1,0.770842013888889,"[653, 3116, 3927, 4172]",0.7702454938420658,9.99990000099999e-06,1.6823361178152925e-05,True,True,4.774087231172335
TRAPPC2L,0.3500694118360617,"[1382, 2087, 2909, 2979]",0.34837758066114755,9.99990000099999e-06,1.6823361178152925e-05,True,True,4.774087231172335
TRAPPC4,0.5447337546928668,"[1962, 3263, 3391, 3521]",0.5435486533286232,9.99990000099999e-06,1.6823361178152925e-05,True,True,4.774087231172335
TRAPPC11,0.9305555555555555,"[1142, 2000, 4018, 4049]",0.9303747850576357,9.99990000099999e-06,1.6823361178152925e-05,True,True,4.774087231172335
TRIM33,0.2312555732194124,"[1953, 2653, 3177, 3230]",0.22925445831506075,0.0006999930000699993,0.0009558525104404128,True,True,3.0196091148822912
TRIM43,0.3577574095196249,"[262, 358, 3102, 4198]",0.3560855909343482,9.99990000099999e-06,1.6823361178152925e-05,True,True,4.774087231172335
TRPC1,0.4085293365703646,"[38, 2351, 2811, 3630]",0.40698968214316755,9.99990000099999e-06,1.6823361178152925e-05,True,True,4.774087231172335
TSC1,0.7166666666666667,"[3087, 3110, 3133, 3684]",0.7159291230351539,9.99990000099999e-06,1.6823361178152925e-05,True,True,4.774087231172335
TSC2,0.7325396825396825,"[885, 1718, 2158, 3553]",0.7318434578791229,9.99990000099999e-06,1.6823361178152925e-05,True,True,4.774087231172335
TSEN2,0.04930265832226394,"[1111, 1473, 2298, 3676]",0.046827902663967885,0.004769952300476995,0.005317062642291171,True,True,2.2743282230709765
TSPAN31,0.2034392427550752,"[2125, 2813, 2929, 3792]",0.2013657192952434,0.0007199928000719992,0.0009558525104404128,True,True,3.0196091148822912
TSR1,0.6770337301587301,"[110, 919, 1041, 3004]",0.6761930182216189,9.99990000099999e-06,1.6823361178152925e-05,True,True,4.774087231172335
TSR2,0.9305555555555556,"[1278, 1446, 1751, 2340]",0.9303747850576357,9.99990000099999e-06,1.6823361178152925e-05,True,True,4.774087231172335
TTI1,0.3183643583707595,"[36, 1524, 2896, 4178]",0.3165899959243038,0.0006999930000699993,0.0009558525104404128,True,True,3.0196091148822912
TTI2,0.25917100490814715,"[316, 2022, 2427, 3864]",0.25724255652919414,0.0006999930000699993,0.0009558525104404128,True,True,3.0196091148822912
TTN,0.7555555555555555,"[578, 643, 3033, 3093]",0.7549192434028777,9.99990000099999e-06,1.6823361178152925e-05,True,True,4.774087231172335
TUBA1A,0.19590754856458753,"[842, 2061, 3284, 4020]",0.19381441938798627,0.0007199928000719992,0.0009558525104404128,True,True,3.0196091148822912
TUBB8,0.06893835174857861,"[1264, 1630, 3163, 3607]",0.06651470966900108,0.003239967600323997,0.0036896559362051434,True,True,2.4330141303109456
TUBGCP6,0.36656295885515283,"[429, 2268, 3856, 3929]",0.36491406195282106,9.99990000099999e-06,1.6823361178152925e-05,True,True,4.774087231172335
TWF1,0.21108862948879023,"[99, 340, 549, 1992]",0.2090350181106188,0.0007099929000709993,0.0009558525104404128,True,True,3.0196091148822912
TWSG1,0.08948467712067934,"[1595, 2779, 3499, 4069]",0.08711451908144012,0.0023899761002389975,0.002775366677887745,True,True,2.556679630320361
TYK2,0.47645502645502646,"[213, 1401, 3674, 4126]",0.47509218906309014,9.99990000099999e-06,1.6823361178152925e-05,True,True,4.774087231172335
UBA52,0.6456476120454615,"[697, 2050, 2604, 3869]",0.6447251990558831,9.99990000099999e-06,1.6823361178152925e-05,True,True,4.774087231172335
UBAP2L,1.0,"[198, 405, 2471, 3604]",1.0,9.99990000099999e-06,1.6823361178152925e-05,True,True,4.774087231172335
UBC,0.004485453967129989,"[453, 2278, 3254, 3888]",0.0018940348606421688,0.07661923380766192,0.07786381019438536,False,False,1.1086643482943386
UBE2D3,0.5209699920637096,"[241, 297, 546, 2881]",0.519723031363744,9.99990000099999e-06,1.6823361178152925e-05,True,True,4.774087231172335
UBE2M,0.34431165481626774,"[655, 2368, 2606, 3438]",0.34260483565186506,9.99990000099999e-06,1.6823361178152925e-05,True,True,4.774087231172335
UBE2N,0.7107761953232768,"[955, 1758, 2068, 4087]",0.7100233182342608,9.99990000099999e-06,1.6823361178152925e-05,True,True,4.774087231172335
UBN1,0.37349965116317013,"[7, 1343, 1586, 2387]",0.3718688111310814,9.99990000099999e-06,1.6823361178152925e-05,True,True,4.774087231172335
UBR4,1.0,"[2188, 2364, 2731, 3989]",1.0,9.99990000099999e-06,1.6823361178152925e-05,True,True,4.774087231172335
UFL1,0.83125,"[901, 1940, 2223, 2380]",0.8308107276900549,9.99990000099999e-06,1.6823361178152925e-05,True,True,4.774087231172335
UFM1,0.5876457739439477,"[117, 296, 319, 2127]",0.5865723766497535,9.99990000099999e-06,1.6823361178152925e-05,True,True,4.774087231172335
UFSP2,0.0032297632813332575,"[963, 997, 2561, 3475]",0.0006350754924861693,0.11745882541174588,0.11864408096585027,False,False,0.9257539234221228
UGT3A2,0.16249133938985433,"[33, 1156, 1356, 2132]",0.1603112246405491,0.0015299847001529984,0.0018921152251892114,True,True,2.7230524196572112
UHRF1,0.8976318944844124,"[310, 425, 1914, 3804]",0.8973654205633781,9.99990000099999e-06,1.6823361178152925e-05,True,True,4.774087231172335
UQCC2,0.3804408708691398,"[1285, 1580, 3573, 4034]",0.37882809949254187,9.99990000099999e-06,1.6823361178152925e-05,True,True,4.774087231172335
URB2,0.9666666666666667,"[168, 1624, 2393, 2554]",0.9665798968276652,9.99990000099999e-06,1.6823361178152925e-05,True,True,4.774087231172335
URM1,0.04145534915323797,"[858, 2984, 3809, 4052]",0.038960166202346186,0.006019939800601994,0.006578558668561786,True,True,2.1818692478538115
USH1G,0.38047202158455357,"[1328, 2619, 2850, 2900]",0.3788593312962325,9.99990000099999e-06,1.6823361178152925e-05,True,True,4.774087231172335
USP10,0.9791666666666666,"[290, 520, 1429, 3119]",0.9791124355172907,9.99990000099999e-06,1.6823361178152925e-05,True,True,4.774087231172335
USP14,0.0011720948927659268,"[2594, 3290, 3457, 3492]",-0.001427949202724996,0.46024539754602456,0.46024539754602456,False,False,0.33701054574705214
USP17L5,0.5335350529100529,"[2519, 2556, 2600, 3160]",0.5323208002592876,9.99990000099999e-06,1.6823361178152925e-05,True,True,4.774087231172335
USP17L12,0.03004939517322625,"[1759, 2361, 2520, 3295]",0.02752452143861934,0.008209917900820991,0.008894077725889406,True,True,2.0508990795444517
USP18,0.11532876917636539,"[145, 1049, 2458, 3469]",0.11302588576833052,0.0015899841001589985,0.0019268451383282778,True,True,2.7151531884437166
USP36,0.5091607135085396,"[1415, 1518, 2312, 2869]",0.5078830121326053,9.99990000099999e-06,1.6823361178152925e-05,True,True,4.774087231172335
USP39,0.7984848484848485,"[503, 526, 801, 2161]",0.7979602853672485,9.99990000099999e-06,1.6823361178152925e-05,True,True,4.774087231172335
UTP14A,0.42384386446886446,"[1498, 1782, 2357, 3620]",0.4223440752152715,9.99990000099999e-06,1.6823361178152925e-05,True,True,4.774087231172335
VAMP2,0.3951173826173826,"[1283, 1681, 3180, 3766]",0.39354281559762966,9.99990000099999e-06,1.6823361178152925e-05,True,True,4.774087231172335
VAMP4,0.01765686338236124,"[1414, 1474, 2060, 2958]",0.015099730708104898,0.014969850301496985,0.01584019043530495,True,True,1.8002396015025264
VARS2,0.6721906565656566,"[1090, 1399, 3348, 4065]",0.6713373376470669,9.99990000099999e-06,1.6823361178152925e-05,True,True,4.774087231172335
VMP1,0.5334486612793843,"[273, 1093, 2453, 3350]",0.5322341837429825,9.99990000099999e-06,1.6823361178152925e-05,True,True,4.774087231172335
VPS25,0.04495036773591199,"[2473, 2994, 3279, 3955]",0.04246428265101197,0.005369946300536995,0.005919951813697723,True,True,2.2276818282653155
VPS26A,0.9583333333333333,"[97, 3222, 4048, 4088]",0.9582248710345814,9.99990000099999e-06,1.6823361178152925e-05,True,True,4.774087231172335
VPS29,1.0,"[980, 2752, 2819, 4024]",1.0,9.99990000099999e-06,1.6823361178152925e-05,True,True,4.774087231172335
VTI1A,0.29633627501878723,"[639, 1152, 2394, 3294]",0.2945045713749527,0.0006999930000699993,0.0009558525104404128,True,True,3.0196091148822912
VTI1B,0.41289695138509747,"[54, 165, 1484, 3052]",0.41136866627492924,9.99990000099999e-06,1.6823361178152925e-05,True,True,4.774087231172335
VWA7,0.007170135311971706,"[1303, 3064, 3196, 4116]",0.004585704686525753,0.042979570204297955,0.04426188248405582,True,True,1.3539701192146358
WASL,1.0,"[1053, 1804, 4131, 4170]",1.0,9.99990000099999e-06,1.6823361178152925e-05,True,True,4.774087231172335
WBP4,0.22458921395467002,"[3042, 3317, 3782, 4070]",0.22257074588271453,0.0006999930000699993,0.0009558525104404128,True,True,3.0196091148822912
WDR12,0.9375,"[485, 2001, 2638, 3706]",0.9373373065518722,9.99990000099999e-06,1.6823361178152925e-05,True,True,4.774087231172335
WDR36,0.28179843985430153,"[1068, 2300, 2936, 3205]",0.2799288928419674,0.0006999930000699993,0.0009558525104404128,True,True,3.0196091148822912
WDR73,0.32687669072690717,"[35, 230, 286, 627]",0.3251244866916936,0.0006999930000699993,0.0009558525104404128,True,True,3.0196091148822912
WRB,0.20827532101935725,"[456, 1981, 2478, 3089]",0.2062143863314972,0.0007099929000709993,0.0009558525104404128,True,True,3.0196091148822912
XAB2,1.0,"[1648, 2143, 2873, 3618]",1.0,9.99990000099999e-06,1.6823361178152925e-05,True,True,4.774087231172335
XPO1,1.0,"[2091, 3156, 3362, 3429]",1.0,9.99990000099999e-06,1.6823361178152925e-05,True,True,4.774087231172335
XPR1,0.1915657957961455,"[1645, 2951, 3111, 3464]",0.18946136462388316,0.0007199928000719992,0.0009558525104404128,True,True,3.0196091148822912
XRN1,0.7704289379741187,"[648, 918, 2449, 3278]",0.769831342651377,9.99990000099999e-06,1.6823361178152925e-05,True,True,4.774087231172335
YAE1,0.3461196607179535,"[65, 1385, 3714, 3983]",0.344417547964981,9.99990000099999e-06,1.6823361178152925e-05,True,True,4.774087231172335
YIPF5,0.5483947781230029,"[990, 1365, 2502, 2872]",0.5472192067511676,9.99990000099999e-06,1.6823361178152925e-05,True,True,4.774087231172335
ZBED2,0.005533196418655875,"[344, 480, 501, 1149]",0.0029445046854830736,0.05925940740592594,0.06052925185033863,False,False,1.2180346939922484
ZBTB7B,0.5180587002544239,"[665, 1635, 3124, 3536]",0.5168041611848109,9.99990000099999e-06,1.6823361178152925e-05,True,True,4.774087231172335
ZBTB39,0.12208251534173975,"[3030, 3206, 3528, 3723]",0.11979721257772767,0.0015499845001549985,0.0018921152251892114,True,True,2.7230524196572112
ZC3H4,1.0,"[1065, 1251, 1793, 3021]",1.0,9.99990000099999e-06,1.6823361178152925e-05,True,True,4.774087231172335
ZCCHC9,0.1703484140130031,"[267, 995, 2113, 3161]",0.16818875197670008,0.0008199918000819992,0.0010701587899375243,True,True,2.97055177700905
ZFP69B,0.33323880652890087,"[2403, 3441, 3581, 3837]",0.3315031636866027,0.0006999930000699993,0.0009558525104404128,True,True,3.0196091148822912
ZFR,1.0,"[588, 1998, 2842, 3763]",1.0,9.99990000099999e-06,1.6823361178152925e-05,True,True,4.774087231172335
ZMYM3,0.6323923082061986,"[766, 2108, 3505, 3689]",0.6314353903992187,9.99990000099999e-06,1.6823361178152925e-05,True,True,4.774087231172335
ZNF131,0.16934619095485004,"[985, 1137, 2174, 4038]",0.167183920036545,0.0008299917000829991,0.0010803923170131108,True,True,2.966418512869143
ZNF219,0.41873473748473744,"[786, 1851, 3315, 3613]",0.417221648687369,9.99990000099999e-06,1.6823361178152925e-05,True,True,4.774087231172335
ZNF496,0.059811316386300065,"[378, 607, 2053, 2688]",0.05736391576505417,0.003909960900390996,0.004402554399652854,True,True,2.3562952690181325
ZNF574,0.532148585205952,"[365, 811, 1559, 3952]",0.5309307234478028,9.99990000099999e-06,1.6823361178152925e-05,True,True,4.774087231172335
ZNF593,0.5009173762196846,"[399, 1055, 3155, 3200]",0.4996182166522687,9.99990000099999e-06,1.6823361178152925e-05,True,True,4.774087231172335
ZNF638,0.8634259259259259,"[519, 3382, 3473, 3635]",0.8630704106133503,9.99990000099999e-06,1.6823361178152925e-05,True,True,4.774087231172335
ZNF704,0.12066761740664576,"[363, 461, 1256, 2555]",0.11837863152865274,0.0015599844001559983,0.0018996890323067573,True,True,2.7213174846293744
ZNRD1,1.0,"[469, 743, 2878, 2919]",1.0,9.99990000099999e-06,1.6823361178152925e-05,True,True,4.774087231172335
ZRSR2,0.4020865527376299,"[355, 907, 3700, 4059]",0.4005301271309562,9.99990000099999e-06,1.6823361178152925e-05,True,True,4.774087231172335
ZZZ3,0.9479166666666666,"[325, 644, 2499, 3428]",0.9477810887932268,9.99990000099999e-06,1.6823361178152925e-05,True,True,4.774087231172335
